TAGCODE as text,Release Year,Age,Brood Year,Release site,rel timing,rel loc rel to LGR,Begin Release,adult origin,AD+CWT+VIE at release,Number AD+CWT at release,AD+VIE at release,Adipose Only at release,CWT+VIE at release,CWT Only at release,BWT Only at release,BRAND ONLY at release,BWT +BRAND at release,VIE Only at release, Unmarked Untagged at release , Total Released at release , total WIRES at release , Total Adclips with wires at release , Total AD clips released wire and no wire , Estimated fallback rate ,% CWT at release,expected % AD cwt assoc,exp % no clip assoc (unmark/untag),% unm/untag at release (ignore PIT tags),% AD clipped
blank,,,1900,blank wire,,blw,,agency wire,,,,,,,,,,,, 1 ,1, -   , -   ,,1.00,0.00,0.00,0%,0.00 
09blank,,,1900,Agency wire,,blw,,agency wire,,,,,,,,,,,, 2 ,2, -   , -   ,,1.00,0.00,0.00,0%,0.00 
63blank,,,1900,Agency wire,,blw,,agency wire,,,,,,,,,,,, 3 ,3, -   , -   ,,1.00,,,,0.00 
636737,2014,subyearling,2013,LFH,acclimated,blw,6/3/14,SR hatchery,,"203,004",,"5,896",,402,,,,,670," 209,972 ","203,406"," 203,004 "," 208,900 ",,0.97,0.90,0.10,0%,0.99 
220342,2014,subyearling,2013,BCA,acclimated,abv,5/22/14,SR hatchery,,,,,,"98,628",,,,,"324,660"," 423,288 ","98,628", -   , -   ,,0.23,0.00,1.00,77%,0.00 
220345,2014,subyearling,2013,BCA,acclimated,abv,5/22/14,SR hatchery,,"94,950",,"7,588",,,,,,,," 102,538 ","94,950"," 94,950 "," 102,538 ",,0.93,1.00,0.00,0%,1.00 
220343,2014,subyearling,2013,CJA,acclimated,abv,5/21/14,SR hatchery,,,,,,"99,142",,,,,"308,643"," 407,785 ","99,142", -   , -   ,,0.24,0.00,1.00,76%,0.00 
220346,2014,subyearling,2013,CJA,acclimated,abv,5/21/14,SR hatchery,,"101,241",,"2,801",,,,,,,," 104,042 ","101,241"," 101,241 "," 104,042 ",,0.97,1.00,0.00,0%,1.00 
636738,2014,subyearling,2013,CJA,acclimated,abv,6/6/14,SR hatchery,,"185,799",,"5,352",,,,,,,," 191,151 ","185,799"," 185,799 "," 191,151 ",,0.97,1.00,0.00,0%,1.00 
636739,2014,subyearling,2013,GRR,acclimated,abv,5/21/14,SR hatchery,,"191,711",,"9,983",,434,,,,,"201,798"," 403,926 ","192,145"," 191,711 "," 201,694 ",,0.48,0.05,0.95,50%,0.50 
220240,2014,subyearling,2013,NLVA,acclimated,abv,5/22/14,SR hatchery,,,,,,"202,383",,,,,"110,492"," 312,875 ","202,383", -   , -   ,,0.65,0.00,1.00,35%,0.00 
220238,2014,subyearling,2013,NLVA,acclimated,abv,5/22/14,SR hatchery,,"100,911",,"1,770",,,,,,,," 102,681 ","100,911"," 100,911 "," 102,681 ",,0.98,1.00,0.00,0%,1.00 
220239,2014,subyearling,2013,NPTH,acclimated,abv,6/11/14,SR hatchery,,,,,,"207,537",,,,,"215,099"," 422,636 ","207,537", -   , -   ,,0.49,0.00,1.00,51%,0.00 
220237,2014,subyearling,2013,NPTH,acclimated,abv,6/11/14,SR hatchery,,"102,898",,744,,,,,,,," 103,642 ","102,898"," 102,898 "," 103,642 ",,0.99,1.00,0.00,0%,1.00 
220235,2014,subyearling,2013,CFA,acclimated,abv,6/10/14,SR hatchery,,,,,,"99,344",,,,,"50,375"," 149,719 ","99,344", -   , -   ,,0.66,0.00,1.00,34%,0.00 
220233,2014,subyearling,2013,CFA,acclimated,abv,6/10/14,SR hatchery,,"102,430",,740,,,,,,,," 103,170 ","102,430"," 102,430 "," 103,170 ",,0.99,1.00,0.00,0%,1.00 
220236,2014,subyearling,2013,LGA,acclimated,abv,6/10/14,SR hatchery,,,,,,"103,285",,,,,"50,399"," 153,684 ","103,285", -   , -   ,,0.67,0.00,1.00,33%,0.00 
220234,2014,subyearling,2013,LGA,acclimated,abv,6/10/14,SR hatchery,,"100,870",,729,,,,,,,," 101,599 ","100,870"," 100,870 "," 101,599 ",,0.99,1.00,0.00,0%,1.00 
90818,2014,subyearling,2013,HC Dam,acclimated,abv,5/19/14 & 5/21/14,SR hatchery,,"191,092",,"717,974",,525,,,,,"2,023"," 911,614 ","191,617"," 191,092 "," 909,066 ",,0.21,1.00,0.00,0%,1.00 
220344,2014,subyearling,2013,PLA,acclimated,abv,,SR hatchery,,,,,,"99,455",,,,,1892," 101,347 ","99,455", -   , -   ,,0.98,0.00,1.00,2%,0.00 
220348,2015,yearling,2013,BCA,acclimated,abv,,SR hatchery,,,,,,"81,558",,,,,808," 82,366 ","81,558", -   , -   ,,0.99,0.00,1.00,1%,0.00 
220351,2015,yearling,2013,BCA,acclimated,abv,,SR hatchery,,72369,,145,,,,,,,," 72,514 ","72,369"," 72,369 "," 72,514 ",,1.00,1.00,0.00,0%,1.00 
220350,2015,yearling,2013,CJA,acclimated,abv,,SR hatchery,,,,,,"80,656",,,,,324," 80,980 ","80,656", -   , -   ,,1.00,0.00,1.00,0%,0.00 
220353,2015,yearling,2013,CJA,acclimated,abv,,SR hatchery,,72145,,,,,,,,,," 72,145 ","72,145"," 72,145 "," 72,145 ",,1.00,0.00,1.00,0%,1.00 
636740,2015,yearling,2013,LFH,acclimated,blw,,SR hatchery,,,,,,"221,507",,,,,3419," 224,926 ","221,507", -   , -   ,,0.98,0.00,1.00,2%,0.00 
636741,2015,yearling,2013,LFH,acclimated,blw,,SR hatchery,,218428,,7267,,1695,,,,,56," 227,446 ","220,123"," 218,428 "," 225,695 ",,0.97,0.99,0.01,0%,0.99 
220349,2015,yearling,2013,PLA,acclimated,abv,,SR hatchery,,,,,,"82,413",,,,,324," 82,737 ","82,413", -   , -   ,,1.00,0.00,1.00,0%,0.00 
220352,2015,yearling,2013,PLA,acclimated,abv,,SR hatchery,,72595,,144,,,,,,,," 72,739 ","72,595"," 72,595 "," 72,739 ",,1.00,1.00,0.00,0%,1.00 
90585,2012,subyearling,2011,UMA,,blw,,stray hatchery,,154611,,3640,,,,,,,4169," 162,420 ","154,611"," 154,611 "," 158,251 ",,0.95,0.47,0.53,3%,0.97 
90817,2014,yearling,2013,UMA,,blw,,stray hatchery,,163114,,1561,,0,,,,,154," 164,829 ","163,114"," 163,114 "," 164,675 ",,0.99,0.91,0.09,0%,1.00 
220347,2014,subyearling,2013,PLA,,abv,,SR hatchery,,100063,,1404,,0,,,,,198055," 299,522 ","100,063"," 100,063 "," 101,467 ",,0.33,0.01,0.99,66%,0.34 
90871,2015,yearling,2013,UMA,,blw,20150227,stray hatchery,,114305,,693,,462,,,,,," 115,460 ","114,767"," 114,305 "," 114,998 ",,0.99,1.00,0.00,0%,1.00 
90867,2015,yearling,2013,UMA,,blw,20150227,stray hatchery,,35491,,,,280,,,,,," 35,771 ","35,771"," 35,491 "," 35,491 ",,1.00,0.00,1.00,0%,0.99 
636676,2014,subyearling,2013,Klickitat,,blw,20140623,stray hatchery,,242914,,,,,,,,,," 242,914 ","242,914"," 242,914 "," 242,914 ",,1.00,0.00,1.00,0%,1.00 
90866,2015,yearling,2013,UMA,,blw,20150227,stray hatchery,,50191,,101,,202,,,,,," 50,494 ","50,393"," 50,191 "," 50,292 ",,1.00,1.00,0.00,0%,1.00 
220361,2016,yearling,2014,BCA,acclimated,abv,,SR hatchery,,0,,0,,80995,,,,,640," 81,635 ","80,995", -   , -   ,,0.99,0.00,1.00,1%,0.00 
220362,2016,yearling,2014,PLA,,abv,,SR hatchery,,0,,0,,81524,,,,,160," 81,684 ","81,524", -   , -   ,,1.00,0.00,1.00,0%,0.00 
220363,2016,yearling,2014,CJA,,abv,,SR hatchery,,0,,0,,91267,,,,,1394," 92,661 ","91,267", -   , -   ,,0.98,0.00,1.00,2%,0.00 
220364,2016,yearling,2014,CJA,,abv,,SR hatchery,,70821,,135,,0,,,,,1083," 72,039 ","70,821"," 70,821 "," 70,956 ",,0.98,0.11,0.89,2%,0.98 
220365,2016,yearling,2014,PLA,,abv,,SR hatchery,,70212,,1267,,0,,,,,421," 71,900 ","70,212"," 70,212 "," 71,479 ",,0.98,0.75,0.25,1%,0.99 
220366,2016,yearling,2014,BCA,acclimated,abv,,SR hatchery,,71112,,141,,0,,,,,563," 71,816 ","71,112"," 71,112 "," 71,253 ",,0.99,0.20,0.80,1%,0.99 
636885,2016,yearling,2014,LFH,,blw,,SR hatchery,,0,,0,,231744,,,,,8559," 240,303 ","231,744", -   , -   ,,0.96,0.00,1.00,4%,0.00 
636886,2016,yearling,2014,LFH,,blw,,SR hatchery,,238940,,6744,,661,,,,,529," 246,874 ","239,601"," 238,940 "," 245,684 ",,0.97,0.93,0.07,0%,1.00 
90888,2015,subyearling,2014,HC dam,,abv,,SR hatchery,,244342,,801047,,268,,,,,1111," 1,046,768 ","244,610"," 244,342 "," 1,045,389 ",,0.23,1.00,0.00,0%,1.00 
220227,2015,subyearling,2014,CFA,,abv,,SR hatchery,,0,,0,,103380,,,,,58302," 161,682 ","103,380", -   , -   ,,0.64,0.00,1.00,36%,0.00 
220228,2015,subyearling,2014,CFA,,abv,,SR hatchery,,101234,,1499,,0,,,,,58100," 160,833 ","101,234"," 101,234 "," 102,733 ",,0.63,0.03,0.97,36%,0.64 
220229,2015,subyearling,2014,LGA,,abv,,SR hatchery,,101549,,890,,0,,,,,59167," 161,606 ","101,549"," 101,549 "," 102,439 ",,0.63,0.01,0.99,37%,0.63 
220230,2015,subyearling,2014,LGA,,abv,,SR hatchery,,0,,0,,102539,,,,,59367," 161,906 ","102,539", -   , -   ,,0.63,0.00,1.00,37%,0.00 
220245,2015,subyearling,2014,NPTH,,abv,,SR hatchery,,102279,,503,,1810,,,,,77123," 181,715 ","104,089"," 102,279 "," 102,782 ",,0.57,0.01,0.99,42%,0.57 
220246,2015,subyearling,2014,NPTH,,abv,,SR hatchery,,101866,,479,,2045,,,,,24953," 129,343 ","103,911"," 101,866 "," 102,345 ",,0.80,0.02,0.98,19%,0.79 
220248,2015,subyearling,2014,NPTH,,abv,,SR hatchery,,0,,0,,200997,,,,,156619," 357,616 ","200,997", -   , -   ,,0.56,0.00,1.00,44%,0.00 
220354,2015,subyearling,2014,CJA,,abv,,SR hatchery,,0,,17161,,96612,,,,,220490," 334,263 ","96,612", -   ," 17,161 ",,0.29,0.07,0.93,66%,0.05 
220355,2015,subyearling,2014,CJA,,abv,,SR hatchery,,95493,,6312,,0,,,,,102311," 204,116 ","95,493"," 95,493 "," 101,805 ",,0.47,0.06,0.94,50%,0.50 
220356,2015,subyearling,2014,BCA,acclimated,abv,,SR hatchery,,0,,28759,,94575,,,,,219163," 342,497 ","94,575", -   ," 28,759 ",,0.28,0.12,0.88,64%,0.08 
220357,2015,subyearling,2014,BCA,acclimated,abv,,SR hatchery,,95796,,6332,,0,,,,,102866," 204,994 ","95,796"," 95,796 "," 102,128 ",,0.47,0.06,0.94,50%,0.50 
220358,2015,subyearling,2014,PLA,,abv,,SR hatchery,,0,,1084,,96274,,,,,111340," 208,698 ","96,274", -   ," 1,084 ",,0.46,0.01,0.99,53%,0.01 
220359,2015,subyearling,2014,PLA,,abv,,SR hatchery,,97130,,4897,,0,,,,,87285," 189,312 ","97,130"," 97,130 "," 102,027 ",,0.51,0.05,0.95,46%,0.54 
220360,2015,subyearling,2014,CJA,,abv,,SR hatchery,,208078,,7238,,0,,,,,3274," 218,590 ","208,078"," 208,078 "," 215,316 ",,0.95,0.69,0.31,1%,0.99 
636882,2015,subyearling,2014,LFH,,blw,,SR hatchery,,188831,,14039,,1389,,,,,103," 204,362 ","190,220"," 188,831 "," 202,870 ",,0.93,0.99,0.01,0%,0.99 
636883,2015,subyearling,2014,GRR,,abv,,SR hatchery,,199938,,7541,,222,,,,,248400," 456,101 ","200,160"," 199,938 "," 207,479 ",,0.44,0.03,0.97,54%,0.45 
220247,2015,subyearling,2014,NPTH,acclimated,abv,5/29/2015,SR hatchery,,,,,,203450,,,,,50290," 253,740 ","203,450", -   , -   ,,0.80,0.00,1.00,20%,0.00 
190432,2016,yearling,2014,Yakima R,,blw,20160315,stray hatchery,33176,,,1921,,,,,,,," 35,097 ","33,176"," 33,176 "," 35,097 ",,0.95,1.00,0.00,0%,1.00 
90944,2016,yearling,2014,UMA,,blw,20160301,stray hatchery,,479481,,3545,,4431,,,,,," 487,457 ","483,912"," 479,481 "," 483,026 ",,0.99,1.00,0.00,0%,0.99 
90945,2016,yearling,2014,UMA,,blw,20160321,stray hatchery,,227783,,1256,,1256,,,,,419," 230,714 ","229,039"," 227,783 "," 229,039 ",,0.99,0.75,0.25,0%,0.99 
90946,2016,yearling,2014,UMA,,blw,,stray hatchery,,,,,,106112,,,,,193," 106,305 ","106,112", -   , -   ,,1.00,0.00,1.00,0%,0.00 
637038,2016,subyearling,2015,LFH,,blw,,SR hatchery,,187799,,12250,,964,,,,,1447," 202,460 ","188,763"," 187,799 "," 200,049 ",,0.93,0.89,0.11,1%,0.99 
220371,2016,subyearling,2015,PLA,,abv,,SR hatchery,,0,,0,,99175,,,,,98928," 198,103 ","99,175", -   , -   ,,0.50,0.00,1.00,50%,0.00 
220372,2016,subyearling,2015,PLA,,abv,,SR hatchery,,98913,,1798,,1199,,,,,98073," 199,983 ","100,112"," 98,913 "," 100,711 ",,0.50,0.02,0.98,49%,0.50 
220369,2016,subyearling,2015,BCA,acclimated,abv,,SR hatchery,,0,,0,,100349,,,,,199392," 299,741 ","100,349", -   , -   ,,0.33,0.00,1.00,67%,0.00 
220370,2016,subyearling,2015,BCA,acclimated,abv,,SR hatchery,,98974,,1420,,1011,,,,,99593," 200,998 ","99,985"," 98,974 "," 100,394 ",,0.50,0.01,0.99,50%,0.50 
220367,2016,subyearling,2015,CJA,,abv,,SR hatchery,,0,,0,,100540,,,,,202711," 303,251 ","100,540", -   , -   ,,0.33,0.00,1.00,67%,0.00 
220368,2016,subyearling,2015,CJA,,abv,,SR hatchery,,99210,,1793,,598,,,,,104383," 205,984 ","99,808"," 99,210 "," 101,003 ",,0.48,0.02,0.98,51%,0.49 
220373,2016,subyearling,2015,CJA,,abv,,SR hatchery,,193377,,1100,,4480,,,,,26," 198,983 ","197,857"," 193,377 "," 194,477 ",,0.99,0.98,0.02,0%,0.98 
637037,2016,subyearling,2015,GRR,,abv,,SR hatchery,,199619,,7993,,426,,,,,221850," 429,888 ","200,045"," 199,619 "," 207,612 ",,0.47,0.03,0.97,52%,0.48 
220255,2016,subyearling,2015,NPTH,,abv,,SR hatchery,,0,,0,,201269,,,,,165851," 367,120 ","201,269", -   , -   ,,0.55,0.00,1.00,45%,0.00 
220254,2016,subyearling,2015,NPTH,,abv,,SR hatchery,,101505,,1034,,2946,,,,,164819," 270,304 ","104,451"," 101,505 "," 102,539 ",,0.39,0.01,0.99,61%,0.38 
220251,2016,subyearling,2015,NPTH,,abv,,SR hatchery,,0,,0,,106506,,,,,4960," 111,466 ","106,506", -   , -   ,,0.96,0.00,1.00,4%,0.00 
220250,2016,subyearling,2015,NPTH,,abv,,SR hatchery,,0,,0,,95713,,,,,4940," 100,653 ","95,713", -   , -   ,,0.95,0.00,1.00,5%,0.00 
220249,2016,subyearling,2015,NPTH,,abv,,SR hatchery,,101709,,295,,1128,,,,,6397," 109,529 ","102,837"," 101,709 "," 102,004 ",,0.94,0.04,0.96,6%,0.93 
220243,2016,subyearling,2015,CFA,,abv,,SR hatchery,,0,,0,,102279,,,,,11776," 114,055 ","102,279", -   , -   ,,0.90,0.00,1.00,10%,0.00 
220244,2016,subyearling,2015,CFA,,abv,,SR hatchery,,101775,,287,,1334,,,,,11579," 114,975 ","103,109"," 101,775 "," 102,062 ",,0.90,0.02,0.98,10%,0.89 
220241,2016,subyearling,2015,LGA,,abv,,SR hatchery,,0,,0,,101622,,,,,9781," 111,403 ","101,622", -   , -   ,,0.91,0.00,1.00,9%,0.00 
220242,2016,subyearling,2015,LGA,,abv,,SR hatchery,,101522,,293,,1386,,,,,9587," 112,788 ","102,908"," 101,522 "," 101,815 ",,0.91,0.03,0.97,9%,0.90 
637040,2017,yearling,2015,LFH,non-acclimated,blw,4/3/2017,SR hatchery,,231541,,1641,,505,,,,,0," 233,687 ","232,046"," 231,541 "," 233,182 ",,0.99,1.00,0.00,0%,1.00 
220376,2017,yearling,2015,CJA,acclimated,abv,3/31/2017,SR hatchery,,,,,,84661,,,,,3656," 88,317 ","84,661", -   , -   ,,0.96,0.00,1.00,4%,0.00 
220377,2017,yearling,2015,CJA,acclimated,abv,3/31/2017,SR hatchery,,68105,,652,,1957,,,,,0," 70,714 ","70,062"," 68,105 "," 68,757 ",,0.99,1.00,0.00,0%,0.97 
220378,2017,yearling,2015,PLA,acclimated,abv,4/7/2017,SR hatchery,,68151,,469,,1876,,,,,0," 70,496 ","70,027"," 68,151 "," 68,620 ",,0.99,1.00,0.00,0%,0.97 
220374,2017,yearling,2015,BCA,acclimated,abv,,SR hatchery,,,,,,78532,,,,,776," 79,308 ","78,532", -   , -   ,,0.99,0.00,1.00,1%,0.00 
637041,2017,yearling,2015,LFH,,blw,,SR hatchery,,,,,,224056,,,,,815," 224,871 ","224,056", -   , -   ,,1.00,0.00,1.00,0%,0.00 
91013,2016,subyearling,2015,HC dam,,abv,,SR hatchery,,247014,,792552,,393,,,,,1226," 1,041,185 ","247,407"," 247,014 "," 1,039,566 ",,0.24,1.00,0.00,0%,1.00 
91177,2019,subyearling,2018,UMA,,blw,,stray hatchery,,163716,,407353,,,,,,,," 571,069 ","163,716"," 163,716 "," 571,069 ",,0.29,1.00,0.00,0%,1.00 
220375,2017,yearling,2015,PLA,,abv,,SR hatchery,,0,,,,78402,,,,,1981," 80,383 ","78,402", -   , -   ,,0.98,0.00,1.00,2%,0.00 
220379,2017,yearling,2015,BCA,acclimated,abv,,SR hatchery,,65641,,1771,,2451,,,,,0," 69,863 ","68,092"," 65,641 "," 67,412 ",,0.97,1.00,0.00,0%,0.96 
636965,2016,subyearling,2015,Klickitat,,blw,,stray hatchery,,444678,,,,,,,,,0," 444,678 ","444,678"," 444,678 ",,,1.00,0.00,1.00,0%,1.00 
637198,2017,subyearling,2016,LFH,non-acclimated,blw,5/31/2017,SR hatchery,,196441,,7211,,721,,,,,206," 204,579 ","197,162"," 196,441 "," 203,652 ",,0.96,0.97,0.03,0%,1.00 
220382,2017,subyearling,2016,LFH Accidental Early Release,non-acclimated,blw,3/20/2017,SR hatchery,0,0,0,0,0,107862,0,0,0,0,200890," 308,752 ","107,862", -   , -   ,,0.35,0.00,1.00,65%,0.00 
220386,2017,subyearling,2016,BCA,acclimated,abv,5/24/2017,SR hatchery,,,,,,108669,,,,,158289," 266,958 ","108,669", -   , -   ,,0.41,0.00,1.00,59%,0.00 
220383,2017,subyearling,2016,BCA,acclimated,abv,5/24/2017,SR hatchery,,103301,,2786,,3858,,,,,157215," 267,160 ","107,159"," 103,301 "," 106,087 ",,0.40,0.02,0.98,59%,0.40 
220380,2017,subyearling,2016,CJA,acclimated,abv,5/23/2017,SR hatchery,,,,,,105379,,,,,161572," 266,951 ","105,379", -   , -   ,,0.39,0.00,1.00,61%,0.00 
220381,2017,subyearling,2016,CJA,acclimated,abv,5/23/2017,SR hatchery,,106180,,1017,,3051,,,,,157022," 267,270 ","109,231"," 106,180 "," 107,197 ",,0.41,0.01,0.99,59%,0.40 
220384,2017,subyearling,2016,PLA,acclimated,abv,5/22/2017,SR hatchery,,,,,,107414,,,,,94838," 202,252 ","107,414", -   , -   ,,0.53,0.00,1.00,47%,0.00 
220385,2017,subyearling,2016,PLA,acclimated,abv,5/22/2017,SR hatchery,,106698,,734,,2937,,,,,92124," 202,493 ","109,635"," 106,698 "," 107,432 ",,0.54,0.01,0.99,45%,0.53 
637199,2017,subyearling,2016,GRR,non-acclimated,abv,5/30/2017,SR hatchery,,195781,,7997,,312,,,,,220303," 424,393 ","196,093"," 195,781 "," 203,778 ",,0.46,0.04,0.96,52%,0.48 
91138,2017,subyearling,2016,PLA/IPC,non-acclimated,abv,5/16/2017,SR hatchery,,206301,,830917,,109,,,,,109," 1,037,436 ","206,410"," 206,301 "," 1,037,218 ",,0.20,1.00,0.00,0%,1.00 
220253,2017,subyearling,2016,CFA,acclimated,abv,5/20/2017,SR hatchery,,,,,,103975,,,,,12288," 116,263 ","103,975", -   , -   ,,0.89,0.00,1.00,11%,0.00 
220252,2017,subyearling,2016,CFA,acclimated,abv,5/20/2017,SR hatchery,,103567,,668,,1589,,,,,12115," 117,939 ","105,156"," 103,567 "," 104,235 ",,0.89,0.05,0.95,10%,0.88 
220262,2017,subyearling,2016,LGA,acclimated,abv,6/7/2017,SR hatchery,,,,,,104357,,,,,14030," 118,387 ","104,357", -   , -   ,,0.88,0.00,1.00,12%,0.00 
220261,2017,subyearling,2016,LGA,acclimated,abv,6/7/2017,SR hatchery,,103854,,538,,2135,,,,,13858," 120,385 ","105,989"," 103,854 "," 104,392 ",,0.88,0.04,0.96,12%,0.87 
220257,2017,subyearling,2016,NPTH,acclimated,abv,5/30/2017,SR hatchery,,,,,,201037,,,,,85415," 286,452 ","201,037", -   , -   ,,0.70,0.00,1.00,30%,0.00 
220259,2017,subyearling,2016,NPTH,acclimated,abv,5/30/2017,SR hatchery,,100994,,441,,1067,,,,,85076," 187,578 ","102,061"," 100,994 "," 101,435 ",,0.54,0.01,0.99,45%,0.54 
220256,2017,subyearling,2016,NPTH,acclimated,abv,6/13/2017,SR hatchery,,,,,,201745,,,,,126155," 327,900 ","201,745", -   , -   ,,0.62,0.00,1.00,38%,0.00 
220260,2017,subyearling,2016,NPTH,acclimated,abv,6/13/2017,SR hatchery,,100202,,516,,1567,,,,,125816," 228,101 ","101,769"," 100,202 "," 100,718 ",,0.45,0.00,1.00,55%,0.44 
637202,2018,yearling,2016,LFYO,,blw,,SR hatchery,,0,,0,,229467,,,,,5328," 234,795 ","229,467", -   , -   ,,0.98,0.00,1.00,2%,0.00 
637203,2018,yearling,2016,LFYO,,blw,,SR hatchery,,235725,,1867,,124,,,,,0," 237,716 ","235,849"," 235,725 "," 237,592 ",,0.99,1.00,0.00,0%,1.00 
220388,2018,yearling,2016,BCA,acclimated,abv,,SR hatchery,,0,,0,,79688,,,,,787," 80,475 ","79,688", -   , -   ,,0.99,0.00,1.00,1%,0.00 
220391,2018,yearling,2016,BCA,acclimated,abv,,SR hatchery,,74106,,1999,,2767,,,,,0," 78,872 ","76,873"," 74,106 "," 76,105 ",,0.97,1.00,0.00,0%,0.96 
220389,2018,yearling,2016,CJA,,abv,,SR hatchery,,0,,0,,77407,,,,,3343," 80,750 ","77,407", -   , -   ,,0.96,0.00,1.00,4%,0.00 
220392,2018,yearling,2016,CJA,,abv,,SR hatchery,,76267,,731,,2192,,,,,0," 79,190 ","78,459"," 76,267 "," 76,998 ",,0.99,1.00,0.00,0%,0.97 
220387,2018,yearling,2016,PLA,,abv,,SR hatchery,,0,,0,,78532,,,,,1985," 80,517 ","78,532", -   , -   ,,0.98,0.00,1.00,2%,0.00 
220390,2018,yearling,2016,PLA,,abv,,SR hatchery,,76377,,525,,2102,,,,,0," 79,004 ","78,479"," 76,377 "," 76,902 ",,0.99,1.00,0.00,0%,0.97 
637181,2017,subyearling,2016,PRH,,blw,,stray hatchery,,121000,,,,,,,,,0," 121,000 ","121,000"," 121,000 ",,,1.00,0.00,1.00,0%,1.00 
637194,2017,subyearling,2016,Klickitat,,blw,,stray hatchery,,452305,,,,,,,,,0," 452,305 ","452,305"," 452,305 ",,,1.00,0.00,1.00,0%,1.00 
91185,2018,subyearling,2017,IPCSR,N,abv,,SR hatchery,,201376,,841583,,103,,,,,2722," 1,045,784 ","201,479"," 201,376 "," 1,042,959 ",,0.19,1.00,0.00,0%,1.00 
220258,2018,subyearling,2017,NLVA,N,abv,,SR hatchery,,102250,,584,,1080,,,,,127142," 231,056 ","103,330"," 102,250 "," 102,834 ",,0.45,0.00,1.00,55%,0.45 
220266,2018,subyearling,2017,NPTH,N,abv,,SR hatchery,,103453,,926,,1162,,,,,538846," 644,387 ","104,615"," 103,453 "," 104,379 ",,0.16,0.00,1.00,84%,0.16 
220271,2018,subyearling,2017,LGA,N,abv,,SR hatchery,,105359,,581,,373,,,,,206082," 312,395 ","105,732"," 105,359 "," 105,940 ",,0.34,0.00,1.00,66%,0.34 
220393,2019,yearling,2017,FCAP,N,abv,mixed wire,SR hatchery,,,,,,79952,,,,,0," 79,952 ","79,952", -   , -   ,,1.00,0.00,1.00,0%,0.00 
220395,2019,yearling,2017,FCAP,N,abv,mixed wire,SR hatchery,,,,,,80019,,,,,0," 80,019 ","80,019", -   , -   ,,1.00,0.00,1.00,0%,0.00 
220396,2019,yearling,2017,FCAP,N,abv,mixed wire,SR hatchery,,70104,,,,,,,,,0," 70,104 ","70,104"," 70,104 "," 70,104 ",,1.00,0.00,1.00,0%,1.00 
220398,2019,yearling,2017,FCAP,N,abv,mixed wire,SR hatchery,,70156,,,,,,,,,0," 70,156 ","70,156"," 70,156 "," 70,156 ",,1.00,0.00,1.00,0%,1.00 
220502,2018,subyearling,2017,CJA1,N,abv,,SR hatchery,,100367,,,,606,,,,,159639," 260,612 ","100,973"," 100,367 "," 100,367 ",,0.39,0.00,1.00,61%,0.39 
220503,2018,subyearling,2017,CJA2,N,abv,,SR hatchery,,0,,,,100176,,,,,160837," 261,013 ","100,176", -   , -   ,,0.38,0.00,1.00,62%,0.00 
220504,2018,subyearling,2017,BCA1,N,abv,,SR hatchery,,100022,,,,604,,,,,159107," 259,733 ","100,626"," 100,022 "," 100,022 ",,0.39,0.00,1.00,61%,0.39 
220505,2018,subyearling,2017,BCA2,N,abv,,SR hatchery,,0,,,,99272,,,,,160293," 259,565 ","99,272", -   ,   ,,0.38,0.00,1.00,62%,0.00 
220506,2018,subyearling,2017,PLA1,N,abv,,SR hatchery,,96631,,1746,,2523,,,,,105390," 206,290 ","99,154"," 96,631 "," 98,377 ",,0.48,0.02,0.98,51%,0.48 
220507,2018,subyearling,2017,PLA2,N,abv,,SR hatchery,,0,,0,,99691,,,,,106583," 206,274 ","99,691", -   , -   ,,0.48,0.00,1.00,52%,0.00 
220508,2018,subyearling,2017,CJAl,L,abv,,SR hatchery,,194125,,1860,,5578,,,,,0," 201,563 ","199,703"," 194,125 "," 195,985 ",,0.99,1.00,0.00,0%,0.97 
637394,2018,subyearling,2017,LFSO,N,blw,,SR hatchery,,197311,,1400,,862,,,,,215," 199,788 ","198,173"," 197,311 "," 198,711 ",,0.99,0.87,0.13,0%,0.99 
637395,2018,subyearling,2017,GRR,N,abv,,SR hatchery,,203686,,4329,,950,,,,,208856," 417,821 ","204,636"," 203,686 "," 208,015 ",,0.49,0.02,0.98,50%,0.50 
637397,2019,yearling,2017,LFYO,N,blw,,SR hatchery,,,,,,218140,,,,,1355," 219,495 ","218,140", -   , -   ,,0.99,0.00,1.00,1%,0.00 
637398,2019,yearling,2017,LFYO,N,blw,,SR hatchery,,225552,,1151,,115,,,,,690," 227,508 ","225,667"," 225,552 "," 226,703 ",,0.99,0.63,0.37,0%,1.00 
637603,2020,yearling,2018,LFYO,N,blw,,SR hatchery,,430997,,7317,,,,,,,," 438,314 ","430,997"," 430,997 "," 438,314 ",,0.98,1.00,0.00,0%,1.00 
220509,2019,subyearling,2018,CJA1,E,abv,,SR hatchery,,199024,,1990,,0,,,,,262804," 463,818 ","199,024"," 199,024 "," 201,014 ",,0.43,0.01,0.99,57%,0.43 
220511,2019,subyearling,2018,BCA1,E,abv,,SR hatchery,,197200,,5127,,0,,,,,265551," 467,878 ","197,200"," 197,200 "," 202,327 ",,0.42,0.02,0.98,57%,0.43 
637422,2019,subyearling,2018,LFSO,N,blw,,SR hatchery,,201013,,1264,,1686,,,,,539931," 743,894 ","202,699"," 201,013 "," 202,277 ",,0.27,0.00,1.00,73%,0.27 
220513,2019,subyearling,2018,PLA1,E,abv,,SR hatchery,,196832,,1968,,394,,,,,203752," 402,946 ","197,226"," 196,832 "," 198,800 ",,0.49,0.01,0.99,51%,0.49 
220510,2019,subyearling,2018,CJA2,L,abv,,SR hatchery,,205483,,2055,,0,,,,,785," 208,323 ","205,483"," 205,483 "," 207,538 ",,0.99,0.72,0.28,0%,1.00 
220512,2019,subyearling,2018,BCA2,L,abv,,SR hatchery,,203647,,3666,,815,,,,,1000," 209,128 ","204,462"," 203,647 "," 207,313 ",,0.98,0.79,0.21,0%,0.99 
220514,2019,subyearling,2018,PLA2,L,abv,,SR hatchery,,204182,,409,,409,,,,,3540," 208,540 ","204,591"," 204,182 "," 204,591 ",,0.98,0.10,0.90,2%,0.98 
637420,2019,subyearling,2018,GRR,N,abv,,SR hatchery,,191602,,17553,,2115,,,,,634," 211,904 ","193,717"," 191,602 "," 209,155 ",,0.91,0.97,0.03,0%,0.99 
220272,2019,subyearling,2018,NPTH,N,abv,,SR hatchery,,102870,,778,,2031,,,,,317378," 423,057 ","104,901"," 102,870 "," 103,648 ",,0.25,0.00,1.00,75%,0.24 
220269,2019,subyearling,2018,LGA,N,abv,,SR hatchery,,101920,,1059,,2195,,,,,172064," 277,238 ","104,115"," 101,920 "," 102,979 ",,0.38,0.01,0.99,62%,0.37 
220268,2018,subyearling,2017,CFA,N,abv,,SR hatchery,,100387,,857,,962,,,,,174938," 277,144 ","101,349"," 100,387 "," 101,244 ",,0.37,0.00,1.00,63%,0.37 
220267,2019,subyearling,2018,CFA,N,abv,,SR hatchery,,103476,,1078,,3402,,,,,151796," 259,752 ","106,878"," 103,476 "," 104,554 ",,0.41,0.01,0.99,58%,0.40 
220270,2019,subyearling,2018,NLVA,N,abv,,SR hatchery,,100673,,5357,,2280,,,,,123322," 231,632 ","102,953"," 100,673 "," 106,030 ",,0.44,0.04,0.96,53%,0.46 
unass,2019,parr,2018,NPTH,N,abv,,SR hatchery,,,,,,,,,,,70125," 70,125 ",0, -   , -   ,,0.00,0.00,1.00,100%,0.00 
91286,2019,subyearling,2018,IPCSR,N,abv,,SR hatchery,,209044,,20337,,2128,,,,,824984," 1,056,493 ","211,172"," 209,044 "," 229,381 ",,0.20,0.02,0.98,78%,0.22 
200126,2017,yearling,2015,Omak Pond,N,blw,,stray hatchery,,191661,,4144,,16231,,,,,690," 212,726 ","207,892"," 191,661 "," 195,805 ",,0.98,0.86,0.14,0%,0.92 
91255,2018,subyearling,2017,RSH,N,blw,,stray hatchery,,131492,,,,316,,,,,," 131,808 ","131,808"," 131,492 "," 131,492 ",,1.00,0.00,1.00,0%,1.00 
91184,2018,subyearling,2017,UMA,N,blw,,stray hatchery,,169160,,997,,,,,,,332," 170,489 ","169,160"," 169,160 "," 170,157 ",,0.99,0.75,0.25,0%,1.00 
91277,2019,yearling,2017,UMA,N,blw,,stray hatchery,,201399,,1033,,3098,,,,,1033," 206,563 ","204,497"," 201,399 "," 202,432 ",,0.99,0.50,0.50,1%,0.98 
190538,2019,yearling,2017,CEFH,N,abv,,stray hatchery,,37494,,,,,,,,,," 37,494 ","37,494"," 37,494 "," 37,494 ",,1.00,0.00,1.00,0%,1.00 
220397,2019,yearling,2017,FCAP,U,abv,mixed wire,SR hatchery,,70075,,,,,,,,,," 70,075 ","70,075"," 70,075 "," 70,075 ",,1.00,0.00,1.00,0%,1.00 
220394,2019,yearling,2017,FCAP,U,abv,mixed wire,SR hatchery,,,,,,77015,,,,,," 77,015 ","77,015", -   , -   ,,1.00,0.00,1.00,0%,0.00 
220195,2020,subyearling,2019,CJA1,E,abv,,SR hatchery,,250626.3256,,158,,948,,,,,217234," 468,967 ","251,575"," 250,626 "," 250,785 ",,0.54,0.00,1.00,46%,0.53 
220197,2020,subyearling,2019,BCA1,E,abv,,SR hatchery,,200098,,126,,757,,,,,259833," 460,814 ","200,855"," 200,098 "," 200,224 ",,0.44,0.00,1.00,56%,0.43 
637758,2020,subyearling,2019,LFSO,N,blw,,SR hatchery,,200017,,384,,384,,,,,494253," 695,038 ","200,401"," 200,017 "," 200,401 ",,0.29,0.00,1.00,71%,0.29 
220199,2020,subyearling,2019,PLA1,E,abv,,SR hatchery,,200082,,126,,757,,,,,202220," 403,185 ","200,839"," 200,082 "," 200,208 ",,0.50,0.00,1.00,50%,0.50 
220196,2020,subyearling,2019,CJA2,L,abv,,SR hatchery,,202286,,128,,766,,,,,255," 203,435 ","203,052"," 202,286 "," 202,414 ",,1.00,0.33,0.67,0%,0.99 
220198,2020,subyearling,2019,BCA2,L,abv,,SR hatchery,,200089,,126,,757,,,,,253," 201,225 ","200,846"," 200,089 "," 200,215 ",,1.00,0.33,0.67,0%,0.99 
220282,2020,subyearling,2019,PLA2,L,abv,,SR hatchery,,204975,,129,,776,,,,,259," 206,139 ","205,751"," 204,975 "," 205,104 ",,1.00,0.33,0.67,0%,0.99 
637759,2020,subyearling,2019,GRR,N,abv,,SR hatchery,,222357,,3228,,0,,,,,0," 225,585 ","222,357"," 222,357 "," 225,585 ",,0.99,1.00,0.00,0%,1.00 
220273,2020,subyearling,2019,NPTH,N,abv,,SR hatchery,,101077,,368,,3358,,,,,694279," 799,082 ","104,435"," 101,077 "," 101,445 ",,0.13,0.00,1.00,87%,0.13 
220275,2020,subyearling,2019,LGA,N,abv,unplnd erly rel,SR hatchery,,103758,,486,,1893,,,,,49241," 155,378 ","105,651"," 103,758 "," 104,244 ",,0.68,0.01,0.99,32%,0.67 
220276,2020,subyearling,2019,CFA,N,abv,,SR hatchery,,102338,,485,,1127,,,,,110351," 214,301 ","103,465"," 102,338 "," 102,823 ",,0.48,0.00,1.00,51%,0.48 
220277,2020,subyearling,2019,NLVA,N,abv,,SR hatchery,,104278,,680,,2426,,,,,135211," 242,595 ","106,704"," 104,278 "," 104,958 ",,0.44,0.01,0.99,56%,0.43 
91459,2020,subyearling,2019,IPCSR,N,abv,,SR hatchery,,214539,,2733,,547,,,,,826274," 1,044,093 ","215,086"," 214,539 "," 217,272 ",,0.21,0.00,1.00,79%,0.21 
637356,2018,subyearling,2017,PRH,N,blw,,stray hatchery,,115269,,683720,,1708,,,,,11," 800,708 ","116,977"," 115,269 "," 798,989 ",,0.15,1.00,0.00,0%,1.00 
91279,2019,yearling,2017,UMA,N,blw,,stray hatchery,,204899,,3200,,3120,,,,,49," 211,268 ","208,019"," 204,899 "," 208,099 ",,0.98,0.98,0.02,0%,0.99 
91276,2019,yearling,2017,UMA,N,blw,,stray hatchery,,212493,,4404,,2202,,,,,1101," 220,200 ","214,695"," 212,493 "," 216,897 ",,0.98,0.80,0.20,1%,0.99 
91403,2020,yearling,2018,UMA,N,blw,,stray hatchery,,120810,,662,,0,,,,,0," 121,472 ","120,810"," 120,810 "," 121,472 ",,0.99,1.00,0.00,0%,1.00 
637521,2019,subyearling,2018,PRH,N,blw,,stray hatchery,,118932,,612969,,346,,,,,1," 732,248 ","119,278"," 118,932 "," 731,901 ",,0.16,1.00,0.00,0%,1.00 
637357,2018,subyearling,2017,PRH,N,blw,,stray hatchery,,0,,0,,119071,,,,,660606," 779,677 ","119,071", -   , -   ,,0.15,0.00,1.00,85%,0.00 
637762,2021,yearling,2019,LFYO,N,blw,3/22-23/21,SR hatchery,,389604,,8182,,2338,,,,,0," 400,124 ","391,942"," 389,604 "," 397,786 ",,0.98,1.00,0.00,0%,0.99 
220289,2021,subyearling,2020,CJA1,E,abv,5/13/2021,SR hatchery,,201013,,0,,1505,,,,,264814," 467,332 ","202,518"," 201,013 "," 201,013 ",,0.43,0.00,1.00,57%,0.43 
220291,2021,subyearling,2020,BCA1,E,abv,5/12/2021,SR hatchery,,200563,,250,,1629,,,,,255592," 458,034 ","202,192"," 200,563 "," 200,813 ",,0.44,0.00,1.00,56%,0.44 
637940,2021,subyearling,2020,LFSO,N,blw,5/18-19/21,SR hatchery,,197419,,4565,,913,,,,,356757," 559,654 ","198,332"," 197,419 "," 201,984 ",,0.35,0.01,0.99,64%,0.36 
220293,2021,subyearling,2020,PLA1,E,abv,5/5/2021,SR hatchery,,198992,,1622,,2230,,,,,203772," 406,616 ","201,222"," 198,992 "," 200,614 ",,0.49,0.01,0.99,50%,0.49 
220290,2021,subyearling,2020,CJA2,L,abv,6/3/2021,SR hatchery,,198942,,343,,1144,,,,,0," 200,429 ","200,086"," 198,942 "," 199,285 ",,1.00,1.00,0.00,0%,0.99 
220292,2021,subyearling,2020,BCA2,L,abv,6/2/2021,SR hatchery,,198728,,268,,940,,,,,0," 199,936 ","199,668"," 198,728 "," 198,996 ",,1.00,1.00,0.00,0%,1.00 
220294,2021,subyearling,2020,PLA2,L,abv,5/26/2021,SR hatchery,,198336,,488,,976,,,,,0," 199,800 ","199,312"," 198,336 "," 198,824 ",,1.00,1.00,0.00,0%,1.00 
637941,2021,subyearling,2020,GRR,N,abv,5/25/2021,SR hatchery,,168990,,3834,,142,,,,,142," 173,108 ","169,132"," 168,990 "," 172,824 ",,0.98,0.96,0.04,0%,1.00 
220274,2021,subyearling,2020,NPTH,N,abv,6/10/2021,SR hatchery,,102307,,840,,1161,,,,,672668," 776,976 ","103,468"," 102,307 "," 103,147 ",,0.13,0.00,1.00,87%,0.13 
220279,2021,subyearling,2020,LGA,N,abv,6/8/2021,SR hatchery,,102693,,1069,,1138,,,,,174345," 279,245 ","103,831"," 102,693 "," 103,762 ",,0.37,0.01,0.99,62%,0.37 
220278,2021,subyearling,2020,CFA,N,abv,6/7/2021,SR hatchery,,101221,,1148,,615,,,,,143579," 246,563 ","101,836"," 101,221 "," 102,369 ",,0.41,0.01,0.99,58%,0.42 
220280,2021,subyearling,2020,NLVA,N,abv,5/4/2021,SR hatchery,,103917,,957,,1274,,,,,142000," 248,148 ","105,191"," 103,917 "," 104,874 ",,0.42,0.01,0.99,57%,0.42 
NA,2021,subyearling,2020,IPCSR,N,abv,5/28/2021,SR hatchery,,0,,0,,0,,,,,87, 87 ,0, -   , -   ,,0.00,0.00,1.00,100%,0.00 
91579,2021,subyearling,2020,IPCSR,N,abv,5/18 & 20/21,SR hatchery,,222316,,1667,,1042,,,,,795608," 1,020,633 ","223,358"," 222,316 "," 223,983 ",,0.22,0.00,1.00,78%,0.22 
637944,2022,Yearling,2020,LFYO,N,blw,3/21-3/22/2022,SR hatchery,,429870.6239,,237,,473,,,,,3314.09001," 433,895 ","430,344"," 429,871 "," 430,108 ",,0.99,0.07,0.93,1%,0.99 
220405,2022,subyearling,2021,CJA1,E,abv,5/12/2022,SR hatchery,,202452,,774,,905,,,,,252643," 456,774 ","203,357"," 202,452 "," 203,226 ",,0.45,0.00,1.00,55%,0.44 
220407,2022,subyearling,2021,BCA1,E,abv,5/11/2022,SR hatchery,,202886,,775,,907,,,,,253647," 458,215 ","203,793"," 202,886 "," 203,661 ",,0.44,0.00,1.00,55%,0.44 
638056,2022,subyearling,2021,LFSO,N,blw,5/24-5/26/22,SR hatchery,,203311,,356,,1067,,,,,312427," 517,161 ","204,378"," 203,311 "," 203,667 ",,0.40,0.00,1.00,60%,0.39 
220403,2022,subyearling,2021,PLA1,E,abv,5/4/2022,SR hatchery,,202322,,774,,904,,,,,206393," 410,393 ","203,226"," 202,322 "," 203,096 ",,0.50,0.00,1.00,50%,0.49 
220406,2022,subyearling,2021,CJA2,L,abv,6/2/2022,SR hatchery,,196812,,753,,880,,,,,42," 198,487 ","197,692"," 196,812 "," 197,565 ",,1.00,0.95,0.05,0%,1.00 
220408,2022,subyearling,2021,BCA2,L,abv,6/1/2022,SR hatchery,,198670,,759,,888,,,,,44," 200,361 ","199,558"," 198,670 "," 199,429 ",,1.00,0.95,0.05,0%,1.00 
220404,2022,subyearling,2021,PLA2,L,abv,5/25/2022,SR hatchery,,199434,,762,,891,,,,,44," 201,131 ","200,325"," 199,434 "," 200,196 ",,1.00,0.95,0.05,0%,1.00 
220285,2022,subyearling,2021,NPTH,N,abv,6/14/2022,SR hatchery,,103454,,746,,1221,,,,,563365," 668,786 ","104,675"," 103,454 "," 104,200 ",,0.16,0.00,1.00,84%,0.16 
220288,2022,subyearling,2021,LGA,N,abv,6/8/2022,SR hatchery,,102956,,243,,580,,,,,178173," 281,952 ","103,536"," 102,956 "," 103,199 ",,0.37,0.00,1.00,63%,0.37 
220287,2022,subyearling,2021,CFA,N,abv,6/7/2022,SR hatchery,,101653,,179,,937,,,,,145025," 247,794 ","102,590"," 101,653 "," 101,832 ",,0.41,0.00,1.00,59%,0.41 
220286,2022,subyearling,2021,NLVA,N,abv,5/7/2022,SR hatchery,,104081,,293,,673,,,,,178976," 284,023 ","104,754"," 104,081 "," 104,374 ",,0.37,0.00,1.00,63%,0.37 
NA,2022,subyearling,2021,IPCSR,N,abv,6/3/2022,SR hatchery,,0,,0,,0,,,,,96, 96 ,0, -   , -   ,,0.00,0.00,1.00,100%,0.00 
92064,2022,subyearling,2021,IPCSR,N,abv,5/17-5/19/2022,SR hatchery,,201848,,6169,,1371,,,,,607596," 816,984 ","203,219"," 201,848 "," 208,017 ",,0.25,0.01,0.99,74%,0.25 
638417,2023,yearling,2021,LFYO,,blw,4/1/2023,SR hatchery,,428159,,4198,,763,,,,,890," 434,010 ","428,922"," 428,159 "," 432,357 ",,0.99,0.83,0.17,0%,1.00 
220034,2023,subyearling,2022,CJA1,,abv,5/11/2023,SR hatchery,,"201,755",,274,,"1,536",,,,,"258,034"," 461,599 ","203,291"," 201,755 "," 202,029 ",,0.44,0.00,1.00,56%,0.44 
220039,2023,subyearling,2022,BCA1,,abv,5/10/2023,SR hatchery,,"201,872",,274,,"1,536",,,,,"248,571"," 452,253 ","203,408"," 201,872 "," 202,146 ",,0.45,0.00,1.00,55%,0.45 
220038,2023,subyearling,2022,LFSO,,blw,5/24-5/26/2022,SR hatchery,,"201,852",,276,,"1,536",,,,,"561,667"," 765,332 ","203,388"," 201,852 "," 202,128 ",,0.27,0.00,1.00,73%,0.26 
220037,2023,subyearling,2022,PLA1,,abv,5/3/2023,SR hatchery,,"202,380",,275,,"1,540",,,,,"206,148"," 410,343 ","203,920"," 202,380 "," 202,655 ",,0.50,0.00,1.00,50%,0.49 
220035,2023,subyearling,2022,CJA2,,abv,6/1/2023,SR hatchery,,"201,061",,273,,"1,530",,,,,"8,821"," 211,685 ","202,591"," 201,061 "," 201,334 ",,0.96,0.03,0.97,4%,0.95 
220036,2023,subyearling,2022,BCA2,,abv,5/31/2023,SR hatchery,,"200,172",,272,,"1,523",,,,,"10,803"," 212,770 ","201,695"," 200,172 "," 200,444 ",,0.95,0.02,0.98,5%,0.94 
220037,2023,subyearling,2022,PLA2,,abv,5/24/2023,SR hatchery,,"201,247",,274,,"1,531",,,,,"17,768"," 220,820 ","202,778"," 201,247 "," 201,521 ",,0.92,0.02,0.98,8%,0.91 
638057,2023,subyearling,2022,GRR,,abv,5/25/23-5/26/23,SR hatchery,,"214,181",,"31,194",,448,,,,,0," 245,823 ","214,629"," 214,181 "," 245,375 ",,0.87,1.00,0.00,0%,1.00 
220412,2023,subyearling,2022,NPTH,,abv,6/14/2023,SR hatchery,,"100,229",,980,,"2,796",,,,,"559,728"," 663,733 ","103,025"," 100,229 "," 101,209 ",,0.16,0.00,1.00,84%,0.15 
220415,2023,subyearling,2022,LGA,,abv,6/6/2023,SR hatchery,,"102,053",,852,,"3,083",,,,,"180,185"," 286,173 ","105,136"," 102,053 "," 102,905 ",,0.37,0.00,1.00,63%,0.36 
220414,2023,subyearling,2022,CFA,,abv,6/13/2023,SR hatchery,,"98,855",,559,,"4,084",,,,,"121,100"," 224,598 ","102,939"," 98,855 "," 99,414 ",,0.46,0.00,1.00,54%,0.44 
220413,2023,subyearling,2022,NLVA,,abv,5/10/2023,SR hatchery,,"98,082",,768,,"2,609",,,,,"154,588"," 256,047 ","100,691"," 98,082 "," 98,850 ",,0.39,0.00,1.00,60%,0.39 
90011,2023,subyearling,2022,IPCSR,,abv,5/16/2023,SR hatchery,,"206,290",,"1,184",,676,,,,,"900,040"," 1,108,190 ","206,966"," 206,290 "," 207,474 ",,0.19,0.00,1.00,81%,0.19 
638078,2024,yearling,2022,LFYO,,blw,3/25/2024,SR hatchery,,"461,441",,"4,181",,"3,420",,,,,0," 469,042 ","464,861"," 461,441 "," 465,622 ",,0.99,1.00,0.00,0%,0.99 
220051,2024,subyearling,2023,CJA1,,abv,5/9/2024,SR hatchery,,"200,610",,"1,293",,500,,,,,"287,826"," 490,229 ","201,110"," 200,610 "," 201,903 ",,0.41,0.00,1.00,59%,0.41 
220049,2024,subyearling,2023,BCA1,,abv,5/8/2024,SR hatchery,,"200,628",,"1,294",,500,,,,,"258,567"," 460,989 ","201,128"," 200,628 "," 201,922 ",,0.44,0.00,1.00,56%,0.44 
638509,2024,subyearling,2023,LFSO,,blw,5/21/2024,SR hatchery,,"196,903",,"5,059",,384,,,,,"363,948"," 566,294 ","197,287"," 196,903 "," 201,962 ",,0.35,0.01,0.99,64%,0.36 
220047,2024,subyearling,2023,PLA1,,abv,5/1/2024,SR hatchery,,"202,735",,"1,307",,506,,,,,"205,433"," 409,981 ","203,241"," 202,735 "," 204,042 ",,0.50,0.01,0.99,50%,0.50 
220052,2024,subyearling,2023,CJA2,,abv,5/28/2024,SR hatchery,,"205,306",,"1,324",,512,,,,,"8,507"," 215,649 ","205,818"," 205,306 "," 206,630 ",,0.95,0.13,0.87,4%,0.96 
220050,2024,subyearling,2023,BCA2,,abv,5/29/2024,SR hatchery,,"203,627",,"1,313",,508,,,,,"10,596"," 216,044 ","204,135"," 203,627 "," 204,940 ",,0.94,0.11,0.89,5%,0.95 
220048,2024,subyearling,2023,PLA2,,abv,5/22/2024,SR hatchery,,"203,639",,"1,313",,508,,,,,"9,616"," 215,076 ","204,147"," 203,639 "," 204,952 ",,0.95,0.12,0.88,4%,0.95 
638511,2024,subyearling,2023,GRR,,abv,4/15/2024,SR hatchery,,"207,649",,"5,481",,"1,054",,,,,211," 214,395 ","208,703"," 207,649 "," 213,130 ",,0.97,0.96,0.04,0%,0.99 
220400,2024,subyearling,2023,NPTH,,abv,6/13/2024,SR hatchery,,"107,688",,705,,"4,150",,,,,"529,763"," 642,306 ","111,838"," 107,688 "," 108,393 ",,0.17,0.00,1.00,82%,0.17 
220419,2024,subyearling,2023,LGA,,abv,6/12/2024,SR hatchery,,"105,449",,239,,"3,796",,,,,"147,754"," 257,238 ","109,245"," 105,449 "," 105,688 ",,0.42,0.00,1.00,57%,0.41 
220420,2024,subyearling,2023,CFA,,abv,6/11/2024,SR hatchery,,"95,707",,369,,"2,662",,,,,"134,610"," 233,348 ","98,369"," 95,707 "," 96,076 ",,0.42,0.00,1.00,58%,0.41 
220418,2024,subyearling,2023,NLVA,,abv,5/3/2024,SR hatchery,,"107,962",,384,,"2,869",,,,,"103,302"," 214,517 ","110,831"," 107,962 "," 108,346 ",,0.52,0.00,1.00,48%,0.51 
090060,2024,subyearling,2023,IPCSR,,abv,4/14/2024,SR hatchery,,"263,145",,"2,166",,0,,,,,"851,596"," 1,116,907 ","263,145"," 263,145 "," 265,311 ",,0.24,0.00,1.00,76%,0.24 
