ID,Population,Individual,LGRScaleGeneticsIDLink,DateSampled,PhenotypicSex,Length,Clip,Wire,PIT,Disposition,GenComments,GenSex,GenPa,GenMa,PopName,agePBT,GSIRepUnit,RepUnitProb,ReleaseGroup,Age,Origin,Rear,HaulTo,Pooled FL
65,OtsLGRF25S,OtsLGRF25S_0091,C-00091,18-Aug-25,M,62,AI,NA,NA,RR,NA,M,NA,NA,Unassigned,,FALL,1,NA,0.2,,,,62
86,OtsLGRF25S,OtsLGRF25S_0121,C-00121,18-Aug-25,F,80,AI,NA,3DD.0078ED675F,BS;RR,NA,F,NA,NA,Unassigned,,FALL,1,NA,0.4,,,LyonsFerryHatchery,82
91,OtsLGRF25S,OtsLGRF25S_0131,C-00131,18-Aug-25,M,91,AI,NA,3DD.0078ED6768,BS;RR,NA,M,NA,NA,Unassigned,,FALL,1,NA,0.4,,,LyonsFerryHatchery,92
128,OtsLGRF25S,OtsLGRF25S_0181,C-00181,19-Aug-25,F,78,AI,NA,3DD.0078ED709B,BS;RR,NA,F,NA,NA,Unassigned,,FALL,1,NA,0.3,,,LyonsFerryHatchery,82
149,OtsLGRF25S,OtsLGRF25S_0211,C-00211,19-Aug-25,F,70,AI,NA,3DD.0078ED7096,BS;RR,NA,F,NA,NA,Unassigned,,FALL,1,NA,0.2,,,LyonsFerryHatchery,72
174,OtsLGRF25S,OtsLGRF25S_0251,C-00251,19-Aug-25,M,83,AI,NA,3DD.0078ED7071,BS;RR,NA,M,NA,NA,Unassigned,,FALL,1,NA,0.3,,,LyonsFerryHatchery,87
179,OtsLGRF25S,OtsLGRF25S_0261,C-00261,19-Aug-25,F,75,AI,NA,3DD.0078ED7099,BS;RR,NA,F,NA,NA,Unassigned,,FALL,1,NA,0.3,,,LyonsFerryHatchery,77
188,OtsLGRF25S,OtsLGRF25S_0271,C-00271,19-Aug-25,M,68,AI,NA,NA,RR,NA,M,NA,NA,Unassigned,,FALL,1,NA,1.2,H,RR,,72
264,OtsLGRF25S,OtsLGRF25S_0401,C-00401,20-Aug-25,M,77,AI,NA,3DD.0078ED66C8,RR,NA,M,NA,NA,Unassigned,,FALL,1,NA,0.3,,,,77
275,OtsLGRF25S,OtsLGRF25S_0421,C-00421,21-Aug-25,M,70,AI,NA,3DD.0078ED7123,BS;RR,NA,M,NA,NA,Unassigned,,FALL,1,NA,0.3,,,LyonsFerryHatchery,72
281,OtsLGRF25S,OtsLGRF25S_0431,C-00431,21-Aug-25,F,85,AI,NA,3DD.0078ED713B,BS;RR,NA,F,NA,NA,Unassigned,,FALL,1,NA,0.3,,,LyonsFerryHatchery,87
442,OtsLGRF25S,OtsLGRF25S_0661,C-00661,22-Aug-25,F,76,AI,NA,3DD.0078EDF78D,BS;RR,NA,F,NA,NA,Unassigned,,FALL,1,NA,1.3,H,RR,LyonsFerryHatchery,77
455,OtsLGRF25S,OtsLGRF25S_0681,C-00681,22-Aug-25,F,81,AI,NA,3DD.0078EDF776,BS;RR,NA,F,NA,NA,Unassigned,,FALL,1,NA,0.4,,,LyonsFerryHatchery,82
500,OtsLGRF25S,OtsLGRF25S_0751,C-00751,22-Aug-25,F,79,AI,NA,3DD.0078EBC87F,BS;RR,NA,F,NA,NA,Unassigned,,FALL,1,NA,0.3,,,LyonsFerryHatchery,82
559,OtsLGRF25S,OtsLGRF25S_0821,C-00821,23-Aug-25,F,82,AI,NA,3DD.0078EBC820,BS;RR,NA,F,NA,NA,Unassigned,,FALL,1,NA,0.3,,,LyonsFerryHatchery,82
662,OtsLGRF25S,OtsLGRF25S_0961,C-00961,23-Aug-25,F,74,AI,NA,3DD.0078EDF1D4,BS;RR,NA,F,NA,NA,Unassigned,,FALL,1,NA,0.2,,,LyonsFerryHatchery,77
672,OtsLGRF25S,OtsLGRF25S_0971,C-00971,23-Aug-25,M,63,AI,NA,NA,RR,NA,M,NA,NA,Unassigned,,FALL,1,NA,0.2,,,,67
971,OtsLGRF25S,OtsLGRF25S_1461,C-01461,26-Aug-25,M,39,AI,NA,NA,RR,NA,M,NA,NA,Unassigned,,FALL,1,NA,0.1,,,,42
990,OtsLGRF25S,OtsLGRF25S_1491,C-01491,26-Aug-25,M,83,AI,NA,3DD.0078EDF85D,BS;RR,NA,M,NA,NA,Unassigned,,FALL,1,NA,0.3,,,LyonsFerryHatchery,87
1030,OtsLGRF25S,OtsLGRF25S_1551,C-01551,27-Aug-25,F,79,AI,NA,3DD.0078EDF883,BS;RR,NA,F,NA,NA,Unassigned,,FALL,1,NA,0.3,,,LyonsFerryHatchery,82
1069,OtsLGRF25S,OtsLGRF25S_1611,C-01611,27-Aug-25,F,86,AI,NA,3DD.0078EBC742,BS;RR,NA,F,NA,NA,Unassigned,,FALL,1,NA,0.4,,,LyonsFerryHatchery,87
1146,OtsLGRF25S,OtsLGRF25S_1741,C-01741,29-Aug-25,M,77,AI,NA,NA,RR,NA,M,NA,NA,Unassigned,,FALL,1,NA,0.3,,,,77
1153,OtsLGRF25S,OtsLGRF25S_1751,C-01751,29-Aug-25,F,76,AI,NA,NA,RR,NA,M,NA,NA,Unassigned,,FALL,1,NA,1.3,H,RR,,77
1164,OtsLGRF25S,OtsLGRF25S_1771,C-01771,29-Aug-25,F,75,AI,NA,3DD.0078ED66F6,BS;RR,NA,F,NA,NA,Unassigned,,FALL,1,NA,1.3,H,RR,LyonsFerryHatchery,77
1211,OtsLGRF25S,OtsLGRF25S_1861,C-01861,30-Aug-25,M,64,AI,NA,NA,RR,NA,M,NA,NA,Unassigned,,FALL,1,NA,0.3,,,,67
1551,OtsLGRF25S,OtsLGRF25S_2471,C-02471,01-Sep-25,M,34,AI,NA,NA,RR,NA,M,NA,NA,Unassigned,,FALL,1,NA,1,H,RR,,42
1573,OtsLGRF25S,OtsLGRF25S_2521,C-02521,01-Sep-25,M,64,AI,NA,NA,RR,NA,M,NA,NA,Unassigned,,FALL,1,NA,0.2,,,,67
1654,OtsLGRF25S,OtsLGRF25S_2671,C-02671,02-Sep-25,F,74,AI,NA,3DD.00777578A2,BS;RR,NA,F,NA,NA,Unassigned,,FALL,1,NA,0.3,,,LyonsFerryHatchery,77
1717,OtsLGRF25S,OtsLGRF25S_2791,C-02791,02-Sep-25,F,89,AI,NA,3DD.007774E48A,BS;RR,NA,M,NA,NA,Unassigned,,FALL,1,NA,0.4,,,LyonsFerryHatchery,92
1917,OtsLGRF25S,OtsLGRF25S_3151,C-03151,04-Sep-25,M,53,AI,NA,NA,RR,NA,M,NA,NA,Unassigned,,FALL,1,NA,0.1,,,,57
1925,OtsLGRF25S,OtsLGRF25S_3171,C-03171,04-Sep-25,M,64,AI,NA,NA,RR,NA,M,NA,NA,Unassigned,,FALL,1,NA,0.2,,,,67
2025,OtsLGRF25S,OtsLGRF25S_3381,C-03381,04-Sep-25,M,73,AI,NA,3DD.0077640361,BS;RR,NA,M,NA,NA,Unassigned,,FALL,1,NA,0.2,,,LyonsFerryHatchery,77
2173,OtsLGRF25S,OtsLGRF25S_3651,C-03651,05-Sep-25,F,80,AI,NA,3DD.00776639F1,BS;RR,NA,F,NA,NA,Unassigned,,FALL,1,NA,0.4,,,LyonsFerryHatchery,82
2239,OtsLGRF25S,OtsLGRF25S_3771,C-03771,06-Sep-25,F,77,AI,NA,3DD.0078EDF3E2,BS;RR,NA,F,NA,NA,Unassigned,,FALL,1,NA,0.3,,,LyonsFerryHatchery,77
2240,OtsLGRF25S,OtsLGRF25S_3781,C-03781,06-Sep-25,M,69,AI,NA,NA,RR,NA,M,NA,NA,Unassigned,,FALL,1,NA,0.4,,,,72
2303,OtsLGRF25S,OtsLGRF25S_3911,C-03911,06-Sep-25,F,75,AI,NA,3DD.0078EDF40F,BS;RR,NA,F,NA,NA,Unassigned,,FALL,1,NA,0.3,,,LyonsFerryHatchery,77
2452,OtsLGRF25S,OtsLGRF25S_4211,C-04211,08-Sep-25,M,89,AI,NA,3DD.0078EDF7D7,BS;RR,NA,M,NA,NA,Unassigned,,FALL,1,NA,1.3,H,RR,LyonsFerryHatchery,92
2632,OtsLGRF25S,OtsLGRF25S_4603,C-04603,10-Sep-25,F,73,AI,NA,3DD.0078EDF3B4,BS;RR,NA,F,NA,NA,Unassigned,,FALL,1,NA,0.3,,,LyonsFerryHatchery,77
2633,OtsLGRF25S,OtsLGRF25S_4605,C-04605,10-Sep-25,M,73,AI,NA,3DD.0078EDF39E,BS;RR,NA,M,NA,NA,Unassigned,,FALL,1,NA,0.3,,,LyonsFerryHatchery,77
2648,OtsLGRF25S,OtsLGRF25S_4625,C-04625,10-Sep-25,F,72,AI,NA,3DD.0078EDF3D7,BS;RR,NA,F,NA,NA,Unassigned,,FALL,1,NA,0.3,,,LyonsFerryHatchery,72
2650,OtsLGRF25S,OtsLGRF25S_4629,C-04629,10-Sep-25,F,63,AI,NA,NA,RR,NA,F,NA,NA,Unassigned,,FALL,1,NA,0.2,,,,67
2656,OtsLGRF25S,OtsLGRF25S_4637,C-04637,10-Sep-25,F,67,AI,NA,NA,RR,NA,F,NA,NA,Unassigned,,FALL,1,NA,0.2,,,,67
2674,OtsLGRF25S,OtsLGRF25S_4665,C-04665,10-Sep-25,F,72,AI,NA,3DD.0078EDF37A,BS;RR,NA,F,NA,NA,Unassigned,,FALL,1,NA,0.4,,,LyonsFerryHatchery,72
2685,OtsLGRF25S,OtsLGRF25S_4681,C-04681,10-Sep-25,M,63,AI,NA,NA,RR,NA,M,NA,NA,Unassigned,,FALL,1,NA,0.2,,,,67
2725,OtsLGRF25S,OtsLGRF25S_4735,C-04735,10-Sep-25,M,60,AI,NA,NA,RR,NA,M,NA,NA,Unassigned,,FALL,1,NA,0.2,,,,62
2742,OtsLGRF25S,OtsLGRF25S_4759,C-04759,11-Sep-25,M,61,AI,NA,NA,RR,NA,M,NA,NA,Unassigned,,FALL,1,NA,0.2,,,,62
2769,OtsLGRF25S,OtsLGRF25S_4795,C-04795,11-Sep-25,M,74,AI,NA,3DD.0078EDF3A6,BS;RR,NA,M,NA,NA,Unassigned,,FALL,1,NA,0.3,,,LyonsFerryHatchery,77
2776,OtsLGRF25S,OtsLGRF25S_4805,C-04805,11-Sep-25,M,65,AI,NA,NA,RR,NA,M,NA,NA,Unassigned,,FALL,1,NA,0.2,,,,67
2785,OtsLGRF25S,OtsLGRF25S_4817,C-04817,11-Sep-25,M,70,AI,NA,3DD.007774DB13,BS;RR,NA,M,NA,NA,Unassigned,,FALL,1,NA,1.2,H,RR,LyonsFerryHatchery,72
2801,OtsLGRF25S,OtsLGRF25S_4837,C-04837,11-Sep-25,F,70,AI,NA,3DD.00777534E1,BS;RR,NA,M,NA,NA,Unassigned,,FALL,1,NA,0.4,,,LyonsFerryHatchery,72
2853,OtsLGRF25S,OtsLGRF25S_4911,C-04911,11-Sep-25,M,82,AI,NA,3DD.0078ED70CE,BS;RR,NA,M,NA,NA,Unassigned,,FALL,1,NA,0.3,,,LyonsFerryHatchery,82
2860,OtsLGRF25S,OtsLGRF25S_4921,C-04921,11-Sep-25,M,65,AI,NA,NA,RR,NA,M,NA,NA,Unassigned,,FALL,1,NA,0.2,,,,67
2862,OtsLGRF25S,OtsLGRF25S_4923,C-04923,11-Sep-25,F,73,AI,NA,3DD.007775729D,BS;RR,NA,F,NA,NA,Unassigned,,FALL,1,NA,0.2,,,LyonsFerryHatchery,77
2866,OtsLGRF25S,OtsLGRF25S_4927,C-04927,11-Sep-25,F,77,AI,NA,3DD.0078ED70F7,BS;RR,NA,F,NA,NA,Unassigned,,FALL,1,NA,0.4,,,LyonsFerryHatchery,77
2896,OtsLGRF25S,OtsLGRF25S_4969,C-04969,11-Sep-25,M,63,AI,NA,NA,RR,NA,M,NA,NA,Unassigned,,FALL,1,NA,0.2,,,,67
2924,OtsLGRF25S,OtsLGRF25S_5007,C-05007,12-Sep-25,M,91,AI,NA,3DD.0078ED7109,BS;RR,NA,F,NA,NA,Unassigned,,FALL,1,NA,0.4,,,LyonsFerryHatchery,92
2941,OtsLGRF25S,OtsLGRF25S_5029,C-05029,12-Sep-25,F,74,AI,NA,3DD.0078ED70BA,BS;RR,NA,F,NA,NA,Unassigned,,FALL,1,NA,0.3,,,LyonsFerryHatchery,77
2946,OtsLGRF25S,OtsLGRF25S_5037,C-05037,12-Sep-25,F,72,AI,NA,3DD.0078ED70C7,BS;RR,NA,F,NA,NA,Unassigned,,FALL,1,NA,0.3,,,LyonsFerryHatchery,72
2964,OtsLGRF25S,OtsLGRF25S_5067,C-05067,12-Sep-25,F,77,AI,NA,3DD.0078ED70FC,BS;RR,NA,F,NA,NA,Unassigned,,FALL,1,NA,1.4,H,RR,LyonsFerryHatchery,77
2968,OtsLGRF25S,OtsLGRF25S_5075,C-05075,12-Sep-25,M,70,AI,NA,3DD.0078ED7108,BS;RR,NA,M,NA,NA,Unassigned,,FALL,1,NA,0.2,,,LyonsFerryHatchery,72
2973,OtsLGRF25S,OtsLGRF25S_5083,C-05083,12-Sep-25,F,79,AI,NA,3DD.0078ED70D2,BS;RR,NA,F,NA,NA,Unassigned,,FALL,1,NA,1.2,H,RR,LyonsFerryHatchery,82
2981,OtsLGRF25S,OtsLGRF25S_5093,C-05093,12-Sep-25,M,44,AI,NA,NA,RR,NA,M,NA,NA,Unassigned,,FALL,1,NA,0.1,,,,47
3025,OtsLGRF25S,OtsLGRF25S_5157,C-05157,12-Sep-25,F,86,AI,NA,3DD.0078ED70DA,BS;RR,NA,F,NA,NA,Unassigned,,FALL,1,NA,0.4,,,LyonsFerryHatchery,87
3093,OtsLGRF25S,OtsLGRF25S_5251,C-05251,13-Sep-25,M,67,AI,NA,NA,RR,NA,M,NA,NA,Unassigned,,FALL,1,NA,0.2,,,,67
3097,OtsLGRF25S,OtsLGRF25S_5257,C-05257,13-Sep-25,M,68,AI,NA,NA,RR,NA,M,NA,NA,Unassigned,,FALL,1,NA,1.2,H,RR,,72
3115,OtsLGRF25S,OtsLGRF25S_5283,C-05283,14-Sep-25,F,63,AI,NA,NA,RR,NA,F,NA,NA,Unassigned,,FALL,1,NA,0.2,,,,67
3185,OtsLGRF25S,OtsLGRF25S_5377,C-05377,14-Sep-25,F,64,AI,NA,NA,RR,NA,M,NA,NA,Unassigned,,FALL,1,NA,0.2,,,,67
3203,OtsLGRF25S,OtsLGRF25S_5409,C-05409,15-Sep-25,F,84,AI,NA,3DD.003D7F717A,BS;RR,NA,F,NA,NA,Unassigned,,FALL,1,NA,0.4,,,LyonsFerryHatchery,87
3206,OtsLGRF25S,OtsLGRF25S_5413,C-05413,15-Sep-25,M,59,AI,NA,NA,RR,NA,M,NA,NA,Unassigned,,FALL,1,NA,0.2,,,,62
3208,OtsLGRF25S,OtsLGRF25S_5417,C-05417,15-Sep-25,F,73,AI,NA,3DD.003D7F7179,BS;RR,NA,F,NA,NA,Unassigned,,FALL,1,NA,1.2,H,RR,LyonsFerryHatchery,77
3241,OtsLGRF25S,OtsLGRF25S_5463,C-05463,15-Sep-25,F,83,AI,NA,3DD.003D7F717F,BS;RR,NA,F,NA,NA,Unassigned,,FALL,1,NA,0.3,,,LyonsFerryHatchery,87
3278,OtsLGRF25S,OtsLGRF25S_5513,C-05513,15-Sep-25,M,80,AI,NA,3DD.003D7F71C3,BS;RR,NA,M,NA,NA,Unassigned,,FALL,1,NA,0.2,,,LyonsFerryHatchery,82
3280,OtsLGRF25S,OtsLGRF25S_5515,C-05515,15-Sep-25,M,68,AI,NA,NA,RR,NA,M,NA,NA,Unassigned,,FALL,1,NA,0.2,,,,72
3293,OtsLGRF25S,OtsLGRF25S_5533,C-05533,16-Sep-25,M,68,AI,NA,NA,RR,NA,F,NA,NA,Unassigned,,FALL,1,NA,0.3,,,,72
3315,OtsLGRF25S,OtsLGRF25S_5561,C-05561,16-Sep-25,M,62,AI,NA,NA,RR,NA,M,NA,NA,Unassigned,,FALL,1,NA,0.2,,,,62
3319,OtsLGRF25S,OtsLGRF25S_5569,C-05569,16-Sep-25,M,55,AI,NA,NA,RR,NA,M,NA,NA,Unassigned,,FALL,1,NA,0.2,,,,57
3326,OtsLGRF25S,OtsLGRF25S_5579,C-05579,16-Sep-25,F,74,AI,NA,3D6.1D5953D6EF,BS;RR,NA,F,NA,NA,Unassigned,,FALL,1,NA,1.2,H,RR,LyonsFerryHatchery,77
3352,OtsLGRF25S,OtsLGRF25S_5615,C-05615,20-Sep-25,F,67,AI,NA,NA,RR,NA,F,NA,NA,Unassigned,,FALL,1,NA,0.2,,,,67
3366,OtsLGRF25S,OtsLGRF25S_5635,C-05635,20-Sep-25,M,57,AI,NA,NA,RR,NA,M,NA,NA,Unassigned,,FALL,1,NA,1.1,H,RR,,57
3385,OtsLGRF25S,OtsLGRF25S_5661,C-05661,20-Sep-25,M,66,AI,NA,NA,RR,NA,M,NA,NA,Unassigned,,FALL,1,NA,0.2,,,,67
3389,OtsLGRF25S,OtsLGRF25S_5667,C-05667,20-Sep-25,F,74,AI,NA,3DD.003D7F70EC,BS;RR,NA,M,NA,NA,Unassigned,,FALL,1,NA,0.3,,,LyonsFerryHatchery,77
3408,OtsLGRF25S,OtsLGRF25S_5691,C-05691,20-Sep-25,F,79,AI,NA,3DD.003D7F70C3,BS;RR,NA,F,NA,NA,Unassigned,,FALL,1,NA,0.4,,,LyonsFerryHatchery,82
3415,OtsLGRF25S,OtsLGRF25S_5705,C-05705,21-Sep-25,M,60,AI,NA,NA,RR,NA,M,NA,NA,Unassigned,,FALL,1,NA,0.2,,,,62
3457,OtsLGRF25S,OtsLGRF25S_5761,C-05761,21-Sep-25,M,42,AI,NA,NA,RR,NA,M,NA,NA,Unassigned,,FALL,1,NA,0.1,,,,42
3460,OtsLGRF25S,OtsLGRF25S_5765,C-05765,21-Sep-25,M,65,AI,NA,NA,RR,NA,M,NA,NA,Unassigned,,FALL,1,NA,0.2,,,,67
3523,OtsLGRF25S,OtsLGRF25S_5853,C-05853,21-Sep-25,M,68,AI,NA,NA,RR,NA,M,NA,NA,Unassigned,,FALL,1,NA,0.2,,,,72
3528,OtsLGRF25S,OtsLGRF25S_5859,C-05859,22-Sep-25,M,65,AI,NA,NA,RR,NA,M,NA,NA,Unassigned,,FALL,1,NA,0.4,,,,67
3531,OtsLGRF25S,OtsLGRF25S_5863,C-05863,22-Sep-25,F,69,AI,NA,NA,RR,NA,F,NA,NA,Unassigned,,FALL,1,NA,0.2,,,,72
3533,OtsLGRF25S,OtsLGRF25S_5867,C-05867,22-Sep-25,F,68,AI,NA,NA,RR,NA,F,NA,NA,Unassigned,,FALL,1,NA,0.2,,,,72
3575,OtsLGRF25S,OtsLGRF25S_5927,C-05927,22-Sep-25,M,66,AI,NA,NA,RR,NA,M,NA,NA,Unassigned,,FALL,1,NA,0.2,,,,67
3606,OtsLGRF25S,OtsLGRF25S_5975,C-05975,22-Sep-25,M,65,AI,NA,NA,RR,NA,M,NA,NA,Unassigned,,FALL,1,NA,0.2,,,,67
3625,OtsLGRF25S,OtsLGRF25S_6001,C-06001,22-Sep-25,M,64,AI,NA,NA,RR,NA,M,NA,NA,Unassigned,,FALL,1,NA,0.2,,,,67
3628,OtsLGRF25S,OtsLGRF25S_6005,C-06005,22-Sep-25,F,81,AI,NA,3DD.003D7F72D3,BS;RR,NA,M,NA,NA,Unassigned,,FALL,1,NA,0.4,,,LyonsFerryHatchery,82
3630,OtsLGRF25S,OtsLGRF25S_6007,C-06007,22-Sep-25,M,69,AI,NA,NA,RR,NA,M,NA,NA,Unassigned,,FALL,1,NA,0.2,,,,72
3643,OtsLGRF25S,OtsLGRF25S_6025,C-06025,22-Sep-25,F,80,AI,NA,3DD.003D7F72B0,BS;RR,NA,F,NA,NA,Unassigned,,FALL,1,NA,0.3,,,LyonsFerryHatchery,82
3655,OtsLGRF25S,OtsLGRF25S_6041,C-06041,22-Sep-25,F,79,AI,NA,3DD.003D7F72D0,BS;RR,NA,F,NA,NA,Unassigned,,FALL,1,NA,0.3,,,LyonsFerryHatchery,82
3663,OtsLGRF25S,OtsLGRF25S_6053,C-06053,22-Sep-25,M,66,AI,NA,NA,RR,NA,M,NA,NA,Unassigned,,FALL,1,NA,0.3,,,,67
3670,OtsLGRF25S,OtsLGRF25S_6061,C-06061,23-Sep-25,F,74,AI,NA,3DD.003D7F6732,BS;RR,NA,F,NA,NA,Unassigned,,FALL,1,NA,0.3,,,LyonsFerryHatchery,77
3688,OtsLGRF25S,OtsLGRF25S_6083,C-06083,23-Sep-25,M,46,AI,NA,NA,RR,NA,M,NA,NA,Unassigned,,FALL,1,NA,0.1,,,,47
3699,OtsLGRF25S,OtsLGRF25S_6101,C-06101,23-Sep-25,M,62,AI,NA,NA,RR,NA,M,NA,NA,Unassigned,,FALL,1,NA,0.2,,,,62
3701,OtsLGRF25S,OtsLGRF25S_6105,C-06105,23-Sep-25,M,51,AI,NA,NA,RR,NA,M,NA,NA,Unassigned,,FALL,1,NA,0.1,,,,52
3731,OtsLGRF25S,OtsLGRF25S_6143,C-06143,23-Sep-25,M,60,AI,NA,NA,RR,NA,M,NA,NA,Unassigned,,FALL,1,NA,0.2,,,,62
3741,OtsLGRF25S,OtsLGRF25S_6157,C-06157,23-Sep-25,F,84,AI,NA,3DD.003D7F6731,BS;RR,NA,F,NA,NA,Unassigned,,FALL,1,NA,0.3,,,LyonsFerryHatchery,87
3747,OtsLGRF25S,OtsLGRF25S_6163,C-06163,23-Sep-25,M,71,AI,NA,3DD.003D7F6735,BS;RR,NA,M,NA,NA,Unassigned,,FALL,1,NA,1.2,H,RR,LyonsFerryHatchery,72
3750,OtsLGRF25S,OtsLGRF25S_6169,C-06169,23-Sep-25,F,85,AI,NA,3DD.003D7F671D,BS;RR,NA,F,NA,NA,Unassigned,,FALL,1,NA,0.4,,,LyonsFerryHatchery,87
3754,OtsLGRF25S,OtsLGRF25S_6173,C-06173,23-Sep-25,M,68,AI,NA,NA,RR,NA,M,NA,NA,Unassigned,,FALL,1,NA,0.4,,,,72
3755,OtsLGRF25S,OtsLGRF25S_6175,C-06175,23-Sep-25,F,61,AI,NA,NA,RR,NA,F,NA,NA,Unassigned,,FALL,1,NA,0.2,,,,62
3761,OtsLGRF25S,OtsLGRF25S_6183,C-06183,24-Sep-25,F,72,AI,NA,3DD.003D7F66FD,BS;RR,NA,M,NA,NA,Unassigned,,FALL,1,NA,0.2,,,LyonsFerryHatchery,72
3774,OtsLGRF25S,OtsLGRF25S_6199,C-06199,24-Sep-25,F,80,AI,NA,3DD.003D7F6719,BS;RR,NA,F,NA,NA,Unassigned,,FALL,1,NA,1.4,H,RR,LyonsFerryHatchery,82
3777,OtsLGRF25S,OtsLGRF25S_6203,C-06203,24-Sep-25,F,80,AI,NA,3DD.003D7F6738,BS;RR,NA,F,NA,NA,Unassigned,,FALL,1,NA,0.3,,,LyonsFerryHatchery,82
3803,OtsLGRF25S,OtsLGRF25S_6239,C-06239,24-Sep-25,M,70,AI,NA,3DD.003D7F673A,BS;RR,NA,M,NA,NA,Unassigned,,FALL,1,NA,0.2,,,LyonsFerryHatchery,72
3817,OtsLGRF25S,OtsLGRF25S_6263,C-06263,24-Sep-25,F,77,AI,NA,3DD.0077CC9F6E,BS;RR,NA,F,NA,NA,Unassigned,,FALL,1,NA,0.2,,,LyonsFerryHatchery,77
3824,OtsLGRF25S,OtsLGRF25S_6273,C-06273,24-Sep-25,M,59,AI,NA,NA,RR,NA,M,NA,NA,Unassigned,,FALL,1,NA,0.2,,,,62
3830,OtsLGRF25S,OtsLGRF25S_6281,C-06281,24-Sep-25,M,60,AI,NA,NA,RR,NA,M,NA,NA,Unassigned,,FALL,1,NA,0.2,,,,62
3832,OtsLGRF25S,OtsLGRF25S_6283,C-06283,24-Sep-25,F,72,AI,NA,3DD.003D7F66EC,BS;RR,NA,M,NA,NA,Unassigned,,FALL,1,NA,0.2,,,LyonsFerryHatchery,72
3846,OtsLGRF25S,OtsLGRF25S_6305,C-06305,24-Sep-25,F,74,AI,NA,3DD.0077B54320,BS;RR,NA,M,NA,NA,Unassigned,,FALL,1,NA,0.3,,,LyonsFerryHatchery,77
3855,OtsLGRF25S,OtsLGRF25S_6315,C-06315,24-Sep-25,M,69,AI,NA,NA,RR,NA,M,NA,NA,Unassigned,,FALL,1,NA,0.2,,,,72
3872,OtsLGRF25S,OtsLGRF25S_6339,C-06339,24-Sep-25,M,66,AI,NA,NA,RR,NA,M,NA,NA,Unassigned,,FALL,1,NA,0.2,,,,67
3880,OtsLGRF25S,OtsLGRF25S_6349,C-06349,24-Sep-25,F,77,AI,NA,3DD.0077B4197F,BS;RR,NA,F,NA,NA,Unassigned,,FALL,1,NA,0.4,,,LyonsFerryHatchery,77
3883,OtsLGRF25S,OtsLGRF25S_6353,C-06353,24-Sep-25,F,74,AI,NA,3DD.0077B356DC,BS;RR,NA,F,NA,NA,Unassigned,,FALL,1,NA,0.4,,,LyonsFerryHatchery,77
3884,OtsLGRF25S,OtsLGRF25S_6355,C-06355,24-Sep-25,M,68,AI,NA,NA,RR,NA,M,NA,NA,Unassigned,,FALL,1,NA,0.2,,,,72
3886,OtsLGRF25S,OtsLGRF25S_6359,C-06359,25-Sep-25,F,82,AI,NA,3DD.0077B45B05,BS;RR,NA,F,NA,NA,Unassigned,,FALL,1,NA,0.3,,,LyonsFerryHatchery,82
3905,OtsLGRF25S,OtsLGRF25S_6381,C-06381,25-Sep-25,F,62,AI,NA,NA,RR,NA,F,NA,NA,Unassigned,,FALL,1,NA,0.2,,,,62
3906,OtsLGRF25S,OtsLGRF25S_6383,C-06383,25-Sep-25,M,45,AI,NA,NA,RR,NA,M,NA,NA,Unassigned,,FALL,1,NA,0.1,,,,47
3926,OtsLGRF25S,OtsLGRF25S_6411,C-06411,25-Sep-25,M,69,AI,NA,NA,RR,NA,M,NA,NA,Unassigned,,FALL,1,NA,0.4,,,,72
3928,OtsLGRF25S,OtsLGRF25S_6413,C-06413,25-Sep-25,M,59,AI,NA,NA,RR,NA,M,NA,NA,Unassigned,,FALL,1,NA,0.2,,,,62
3931,OtsLGRF25S,OtsLGRF25S_6417,C-06417,25-Sep-25,F,72,AI,NA,3DD.0077CC6CB7,BS;RR,NA,F,NA,NA,Unassigned,,FALL,1,NA,1.2,H,Y,LyonsFerryHatchery,72
3935,OtsLGRF25S,OtsLGRF25S_6423,C-06423,25-Sep-25,M,58,AI,NA,NA,RR,NA,U,NA,NA,Unassigned,,FALL,1,NA,0.2,,,,62
3956,OtsLGRF25S,OtsLGRF25S_6453,C-06453,25-Sep-25,M,70,AI,NA,3DD.0077B426F6,BS;RR,NA,M,NA,NA,Unassigned,,FALL,1,NA,0.3,,,LyonsFerryHatchery,72
3972,OtsLGRF25S,OtsLGRF25S_6475,C-06475,25-Sep-25,M,60,AI,NA,NA,RR,NA,M,NA,NA,Unassigned,,FALL,1,NA,0.2,,,,62
3999,OtsLGRF25S,OtsLGRF25S_6509,C-06509,25-Sep-25,M,59,AI,NA,NA,RR,NA,M,NA,NA,Unassigned,,FALL,1,NA,0.2,,,,62
4025,OtsLGRF25S,OtsLGRF25S_6543,C-06543,26-Sep-25,F,72,AI,NA,3DD.003D7F73B2,BS;RR,NA,F,NA,NA,Unassigned,,FALL,1,NA,0.3,,,LyonsFerryHatchery,72
4039,OtsLGRF25S,OtsLGRF25S_6561,C-06561,26-Sep-25,M,82,AI,NA,3DD.003D7F7383,BS;RR,NA,M,NA,NA,Unassigned,,FALL,1,NA,1.2,H,RR,LyonsFerryHatchery,82
4055,OtsLGRF25S,OtsLGRF25S_6583,C-06583,26-Sep-25,M,63,AI,NA,NA,RR,NA,M,NA,NA,Unassigned,,FALL,1,NA,0.2,,,,67
4068,OtsLGRF25S,OtsLGRF25S_6601,C-06601,26-Sep-25,M,71,AI,NA,3DD.003D7F73AC,BS;RR,NA,M,NA,NA,Unassigned,,FALL,1,NA,0.3,,,LyonsFerryHatchery,72
4073,OtsLGRF25S,OtsLGRF25S_6609,C-06609,26-Sep-25,M,76,AI,NA,3DD.003D7F7398,BS;RR,NA,M,NA,NA,Unassigned,,FALL,1,NA,0.2,,,LyonsFerryHatchery,77
4095,OtsLGRF25S,OtsLGRF25S_6637,C-06637,26-Sep-25,M,73,AI,NA,3DD.003D7F7385,BS;RR,NA,M,NA,NA,Unassigned,,FALL,1,NA,0.3,,,LyonsFerryHatchery,77
4115,OtsLGRF25S,OtsLGRF25S_6663,C-06663,26-Sep-25,M,65,AI,NA,NA,RR,NA,M,NA,NA,Unassigned,,FALL,1,NA,0.3,,,,67
4127,OtsLGRF25S,OtsLGRF25S_6679,C-06679,26-Sep-25,F,82,AI,NA,3DD.003D7F735E,BS;RR,NA,F,NA,NA,Unassigned,,FALL,1,NA,1.3,H,RR,LyonsFerryHatchery,82
4140,OtsLGRF25S,OtsLGRF25S_6695,C-06695,26-Sep-25,M,77,AI,NA,3DD.003D7F788F,BS;RR,NA,M,NA,NA,Unassigned,,FALL,1,NA,0.3,,,LyonsFerryHatchery,77
4144,OtsLGRF25S,OtsLGRF25S_6699,C-06699,26-Sep-25,F,75,AI,NA,3DD.003D7F78BB,BS;RR,NA,F,NA,NA,Unassigned,,FALL,1,NA,0.3,,,LyonsFerryHatchery,77
4145,OtsLGRF25S,OtsLGRF25S_6701,C-06701,26-Sep-25,M,49,AI,NA,NA,RR,NA,M,NA,NA,Unassigned,,FALL,1,NA,0.2,,,,52
4150,OtsLGRF25S,OtsLGRF25S_6709,C-06709,26-Sep-25,F,57,AI,NA,NA,RR,NA,M,NA,NA,Unassigned,,FALL,1,NA,0.2,,,,57
4157,OtsLGRF25S,OtsLGRF25S_6717,C-06717,27-Sep-25,F,62,AI,NA,NA,RR,NA,M,NA,NA,Unassigned,,FALL,1,NA,0.2,,,,62
4179,OtsLGRF25S,OtsLGRF25S_6745,C-06745,27-Sep-25,M,64,AI,NA,NA,RR,NA,M,NA,NA,Unassigned,,FALL,1,NA,0.2,,,,67
4208,OtsLGRF25S,OtsLGRF25S_6783,C-06783,27-Sep-25,F,78,AI,NA,3DD.003D7F78A5,BS;RR,NA,F,NA,NA,Unassigned,,FALL,1,NA,0.3,,,LyonsFerryHatchery,82
4220,OtsLGRF25S,OtsLGRF25S_6801,C-06801,27-Sep-25,F,76,AI,NA,3DD.003D7F78D4,BS;RR,NA,F,NA,NA,Unassigned,,FALL,1,NA,0.3,,,LyonsFerryHatchery,77
4226,OtsLGRF25S,OtsLGRF25S_6809,C-06809,27-Sep-25,M,61,AI,NA,NA,RR,NA,M,NA,NA,Unassigned,,FALL,1,NA,0.2,,,,62
4233,OtsLGRF25S,OtsLGRF25S_6817,C-06817,28-Sep-25,M,73,AI,NA,3DD.003D7F78B7,BS;RR,NA,M,NA,NA,Unassigned,,FALL,1,NA,0.2,,,LyonsFerryHatchery,77
4240,OtsLGRF25S,OtsLGRF25S_6825,C-06825,28-Sep-25,M,50,AI,NA,NA,RR,NA,M,NA,NA,Unassigned,,FALL,1,NA,0.2,,,,52
4243,OtsLGRF25S,OtsLGRF25S_6829,C-06829,28-Sep-25,M,71,AI,NA,3DD.003D7F787B,BS;RR,NA,M,NA,NA,Unassigned,,FALL,1,NA,0.3,,,LyonsFerryHatchery,72
4273,OtsLGRF25S,OtsLGRF25S_6873,C-06873,28-Sep-25,F,75,AI,NA,NA,RR,NA,F,NA,NA,Unassigned,,FALL,1,NA,0.3,,,,77
4277,OtsLGRF25S,OtsLGRF25S_6881,C-06881,28-Sep-25,F,76,AI,NA,NA,RR,NA,F,NA,NA,Unassigned,,FALL,1,NA,0.4,,,,77
4289,OtsLGRF25S,OtsLGRF25S_6899,C-06899,28-Sep-25,F,70,AI,NA,NA,RR,NA,F,NA,NA,Unassigned,,FALL,1,NA,0.2,,,,72
4292,OtsLGRF25S,OtsLGRF25S_6903,C-06903,29-Sep-25,M,72,AI,NA,3DD.003D7F7878,BS;RR,NA,M,NA,NA,Unassigned,,FALL,1,NA,1.2,H,RR,LyonsFerryHatchery,72
4296,OtsLGRF25S,OtsLGRF25S_6909,C-06909,29-Sep-25,F,75,AI,NA,NA,RR,NA,F,NA,NA,Unassigned,,FALL,1,NA,0.4,,,,77
4298,OtsLGRF25S,OtsLGRF25S_6913,C-06913,29-Sep-25,M,67,AI,NA,NA,RR,NA,M,NA,NA,Unassigned,,FALL,1,NA,0.2,,,,67
4303,OtsLGRF25S,OtsLGRF25S_6923,C-06923,29-Sep-25,M,76,AI,NA,3DD.003D7F78B3,BS;RR,NA,M,NA,NA,Unassigned,,FALL,1,NA,0.3,,,LyonsFerryHatchery,77
4304,OtsLGRF25S,OtsLGRF25S_6925,C-06925,29-Sep-25,F,68,AI,NA,NA,RR,NA,F,NA,NA,Unassigned,,FALL,1,NA,1.2,H,RR,,72
4305,OtsLGRF25S,OtsLGRF25S_6927,C-06927,29-Sep-25,F,73,AI,NA,NA,RR,NA,M,NA,NA,Unassigned,,FALL,1,NA,0.3,,,,77
4314,OtsLGRF25S,OtsLGRF25S_6941,C-06941,29-Sep-25,F,76,AI,NA,NA,RR,NA,F,NA,NA,Unassigned,,FALL,1,NA,0.4,,,,77
4316,OtsLGRF25S,OtsLGRF25S_6943,C-06943,29-Sep-25,F,80,AI,NA,NA,RR,NA,M,NA,NA,Unassigned,,FALL,1,NA,1.3,H,RR,,82
4321,OtsLGRF25S,OtsLGRF25S_6953,C-06953,29-Sep-25,M,69,AI,NA,NA,RR,NA,M,NA,NA,Unassigned,,FALL,1,NA,0.2,,,,72
4336,OtsLGRF25S,OtsLGRF25S_6979,C-06979,29-Sep-25,F,80,AI,NA,NA,RR,NA,F,NA,NA,Unassigned,,FALL,1,NA,0.3,,,,82
4338,OtsLGRF25S,OtsLGRF25S_6983,C-06983,29-Sep-25,F,89,AI,NA,NA,RR,NA,F,NA,NA,Unassigned,,FALL,1,NA,0.3,,,,92
4353,OtsLGRF25S,OtsLGRF25S_7009,C-07009,29-Sep-25,M,68,AI,NA,NA,RR,NA,F,NA,NA,Unassigned,,FALL,1,NA,1.2,H,RR,,72
4359,OtsLGRF25S,OtsLGRF25S_7019,C-07019,29-Sep-25,M,68,AI,NA,NA,RR,NA,M,NA,NA,Unassigned,,FALL,1,NA,0.3,,,,72
4360,OtsLGRF25S,OtsLGRF25S_7021,C-07021,29-Sep-25,M,61,AI,NA,NA,RR,NA,M,NA,NA,Unassigned,,FALL,1,NA,0.2,,,,62
4362,OtsLGRF25S,OtsLGRF25S_7025,C-07025,29-Sep-25,M,87,AI,NA,3DD.003D7F7892,BS;RR,NA,M,NA,NA,Unassigned,,FALL,1,NA,0.3,,,LyonsFerryHatchery,87
4371,OtsLGRF25S,OtsLGRF25S_7041,C-07041,30-Sep-25,F,81,AI,NA,NA,RR,NA,F,NA,NA,Unassigned,,FALL,1,NA,1.3,H,RR,,82
4374,OtsLGRF25S,OtsLGRF25S_7047,C-07047,30-Sep-25,M,55,AI,NA,NA,RR,NA,M,NA,NA,Unassigned,,FALL,1,NA,0.2,,,,57
4384,OtsLGRF25S,OtsLGRF25S_7065,C-07065,30-Sep-25,F,72,AI,NA,NA,RR,NA,F,NA,NA,Unassigned,,FALL,1,NA,0.2,,,,72
4387,OtsLGRF25S,OtsLGRF25S_7071,C-07071,30-Sep-25,F,73,AI,NA,NA,RR,NA,F,NA,NA,Unassigned,,FALL,1,NA,0.3,,,,77
4390,OtsLGRF25S,OtsLGRF25S_7075,C-07075,30-Sep-25,F,77,AI,NA,NA,RR,NA,F,NA,NA,Unassigned,,FALL,1,NA,1.2,H,RR,,77
4393,OtsLGRF25S,OtsLGRF25S_7079,C-07079,30-Sep-25,F,80,AI,NA,NA,RR,NA,F,NA,NA,Unassigned,,FALL,1,NA,0.3,,,,82
4398,OtsLGRF25S,OtsLGRF25S_7089,C-07089,30-Sep-25,F,74,AI,NA,NA,RR,NA,F,NA,NA,Unassigned,,FALL,1,NA,0.3,,,,77
4417,OtsLGRF25S,OtsLGRF25S_7119,C-07119,01-Oct-25,M,69,AI,NA,NA,RR,NA,M,NA,NA,Unassigned,,FALL,1,NA,0.2,,,,72
4422,OtsLGRF25S,OtsLGRF25S_7127,C-07127,01-Oct-25,M,71,AI,NA,3DD.003D7F756D,BS;RR,NA,M,NA,NA,Unassigned,,FALL,1,NA,1.2,H,RR,LyonsFerryHatchery,72
4426,OtsLGRF25S,OtsLGRF25S_7135,C-07135,01-Oct-25,M,89,AI,NA,3DD.003D7F755E,BS;RR,NA,M,NA,NA,Unassigned,,FALL,1,NA,0.4,,,LyonsFerryHatchery,92
4429,OtsLGRF25S,OtsLGRF25S_7139,C-07139,01-Oct-25,M,59,AI,NA,NA,RR,NA,M,NA,NA,Unassigned,,FALL,1,NA,0.2,,,,62
4441,OtsLGRF25S,OtsLGRF25S_7159,C-07159,01-Oct-25,F,70,AI,NA,NA,RR,NA,F,NA,NA,Unassigned,,FALL,1,NA,0.3,,,,72
4450,OtsLGRF25S,OtsLGRF25S_7171,C-07171,01-Oct-25,M,62,AI,NA,NA,RR,NA,M,NA,NA,Unassigned,,FALL,1,NA,0.2,,,,62
4452,OtsLGRF25S,OtsLGRF25S_7175,C-07175,01-Oct-25,F,73,AI,NA,NA,RR,NA,F,NA,NA,Unassigned,,FALL,1,NA,0.2,,,,77
4466,OtsLGRF25S,OtsLGRF25S_7197,C-07197,02-Oct-25,M,69,AI,NA,NA,RR,NA,M,NA,NA,Unassigned,,FALL,1,NA,0.3,,,,72
4471,OtsLGRF25S,OtsLGRF25S_7205,C-07205,02-Oct-25,F,62,AI,NA,NA,RR,NA,F,NA,NA,Unassigned,,FALL,1,NA,0.3,,,,62
4479,OtsLGRF25S,OtsLGRF25S_7221,C-07221,02-Oct-25,F,74,AI,NA,NA,RR,NA,F,NA,NA,Unassigned,,FALL,1,NA,0.2,,,,77
4481,OtsLGRF25S,OtsLGRF25S_7225,C-07225,02-Oct-25,M,68,AI,NA,NA,RR,NA,M,NA,NA,Unassigned,,FALL,1,NA,0.2,,,,72
4486,OtsLGRF25S,OtsLGRF25S_7235,C-07235,02-Oct-25,M,64,AI,NA,NA,RR,NA,M,NA,NA,Unassigned,,FALL,1,NA,0.2,,,,67
4487,OtsLGRF25S,OtsLGRF25S_7237,C-07237,02-Oct-25,M,65,AI,NA,NA,RR,NA,M,NA,NA,Unassigned,,FALL,1,NA,0.2,,,,67
4490,OtsLGRF25S,OtsLGRF25S_7243,C-07243,02-Oct-25,M,46,AI,NA,NA,RR,NA,M,NA,NA,Unassigned,,FALL,1,NA,0.1,,,,47
4494,OtsLGRF25S,OtsLGRF25S_7249,C-07249,02-Oct-25,F,74,AI,NA,NA,RR,NA,F,NA,NA,Unassigned,,FALL,1,NA,0.2,,,,77
4504,OtsLGRF25S,OtsLGRF25S_7269,C-07269,03-Oct-25,M,54,AI,NA,NA,RR,NA,M,NA,NA,Unassigned,,FALL,1,NA,0.2,,,,57
4506,OtsLGRF25S,OtsLGRF25S_7271,C-07271,03-Oct-25,F,74,AI,NA,NA,RR,NA,F,NA,NA,Unassigned,,FALL,1,NA,0.3,,,,77
4507,OtsLGRF25S,OtsLGRF25S_7273,C-07273,03-Oct-25,M,79,AI,NA,3DD.003D7F7585,BS;RR,NA,M,NA,NA,Unassigned,,FALL,1,NA,0.3,,,LyonsFerryHatchery,82
4512,OtsLGRF25S,OtsLGRF25S_7281,C-07281,03-Oct-25,F,70,AI,NA,NA,RR,NA,F,NA,NA,Unassigned,,FALL,1,NA,0.3,,,,72
4514,OtsLGRF25S,OtsLGRF25S_7285,C-07285,03-Oct-25,M,71,AI,NA,3DD.003D7F75AC,BS;RR,NA,M,NA,NA,Unassigned,,FALL,1,NA,0.2,,,LyonsFerryHatchery,72
4518,OtsLGRF25S,OtsLGRF25S_7293,C-07293,03-Oct-25,F,70,AI,NA,NA,RR,NA,F,NA,NA,Unassigned,,FALL,1,NA,0.2,,,,72
4527,OtsLGRF25S,OtsLGRF25S_7307,C-07307,04-Oct-25,F,67,AI,NA,NA,RR,NA,M,NA,NA,Unassigned,,FALL,1,NA,0.3,,,,67
4548,OtsLGRF25S,OtsLGRF25S_7341,C-07341,04-Oct-25,M,58,AI,NA,NA,RR,NA,M,NA,NA,Unassigned,,FALL,1,NA,0.2,,,,62
4554,OtsLGRF25S,OtsLGRF25S_7351,C-07351,04-Oct-25,M,42,AI,NA,NA,RR,NA,U,NA,NA,Unassigned,,FALL,1,NA,0.1,,,,42
4558,OtsLGRF25S,OtsLGRF25S_7357,C-07357,04-Oct-25,M,64,AI,NA,NA,RR,NA,M,NA,NA,Unassigned,,FALL,1,NA,0.2,,,,67
4563,OtsLGRF25S,OtsLGRF25S_7363,C-07363,04-Oct-25,F,65,AI,NA,NA,RR,NA,F,NA,NA,Unassigned,,FALL,1,NA,0.2,,,,67
4569,OtsLGRF25S,OtsLGRF25S_7373,C-07373,04-Oct-25,F,79,AI,NA,NA,RR,NA,F,NA,NA,Unassigned,,FALL,1,NA,0.4,,,,82
4589,OtsLGRF25S,OtsLGRF25S_7407,C-07407,05-Oct-25,M,61,AI,NA,NA,RR,NA,U,NA,NA,Unassigned,,FALL,1,NA,0.2,,,,62
4596,OtsLGRF25S,OtsLGRF25S_7419,C-07419,05-Oct-25,F,80,AI,NA,NA,RR,NA,F,NA,NA,Unassigned,,FALL,1,NA,0.3,,,,82
4600,OtsLGRF25S,OtsLGRF25S_7427,C-07427,05-Oct-25,M,60,AI,NA,NA,RR,NA,M,NA,NA,Unassigned,,FALL,1,NA,0.2,,,,62
4618,OtsLGRF25S,OtsLGRF25S_7455,C-07455,05-Oct-25,M,58,AI,NA,NA,RR,NA,M,NA,NA,Unassigned,,FALL,1,NA,0.2,,,,62
4620,OtsLGRF25S,OtsLGRF25S_7459,C-07459,05-Oct-25,F,79,AI,NA,NA,RR,NA,F,NA,NA,Unassigned,,FALL,1,NA,0.3,,,,82
4634,OtsLGRF25S,OtsLGRF25S_7485,C-07485,06-Oct-25,M,59,AI,NA,NA,RR,NA,U,NA,NA,Unassigned,,FALL,1,NA,0.2,,,,62
4636,OtsLGRF25S,OtsLGRF25S_7489,C-07489,06-Oct-25,F,58,AI,NA,NA,RR,NA,M,NA,NA,Unassigned,,FALL,1,NA,0.2,,,,62
4639,OtsLGRF25S,OtsLGRF25S_7495,C-07495,06-Oct-25,M,39,AI,NA,NA,RR,NA,M,NA,NA,Unassigned,,FALL,1,NA,0.1,,,,42
4651,OtsLGRF25S,OtsLGRF25S_7519,C-07519,07-Oct-25,M,68,AI,NA,NA,RR,NA,M,NA,NA,Unassigned,,FALL,1,NA,0.3,,,,72
4693,OtsLGRF25S,OtsLGRF25S_7591,C-07591,09-Oct-25,M,57,AI,NA,NA,RR,NA,M,NA,NA,Unassigned,,FALL,1,NA,0.2,,,,57
4706,OtsLGRF25S,OtsLGRF25S_7615,C-07615,10-Oct-25,M,59,AI,NA,NA,RR,NA,M,NA,NA,Unassigned,,FALL,1,NA,0.3,,,,62
4718,OtsLGRF25S,OtsLGRF25S_7635,C-07635,10-Oct-25,F,77,AI,NA,NA,RR,NA,F,NA,NA,Unassigned,,FALL,1,NA,0.5,,,,77
4721,OtsLGRF25S,OtsLGRF25S_7641,C-07641,11-Oct-25,F,78,AI,NA,NA,RR,NA,F,NA,NA,Unassigned,,FALL,1,NA,0.2,,,,82
4726,OtsLGRF25S,OtsLGRF25S_7651,C-07651,11-Oct-25,F,85,AI,NA,NA,RR,NA,F,NA,NA,Unassigned,,FALL,1,NA,0.3,,,,87
4745,OtsLGRF25S,OtsLGRF25S_7681,C-07681,11-Oct-25,F,81,AI,NA,NA,RR,NA,F,NA,NA,Unassigned,,FALL,1,NA,0.4,,,,82
4747,OtsLGRF25S,OtsLGRF25S_7685,C-07685,11-Oct-25,M,49,AI,NA,NA,RR,NA,M,NA,NA,Unassigned,,FALL,1,NA,0.1,,,,52
4756,OtsLGRF25S,OtsLGRF25S_7703,C-07703,12-Oct-25,F,66,AI,NA,NA,RR,NA,F,NA,NA,Unassigned,,FALL,1,NA,0.2,,,,67
4758,OtsLGRF25S,OtsLGRF25S_7707,C-07707,12-Oct-25,M,55,AI,NA,NA,RR,NA,U,NA,NA,Unassigned,,FALL,1,NA,0.3,,,,57
4767,OtsLGRF25S,OtsLGRF25S_7725,C-07725,13-Oct-25,F,62,AI,NA,NA,RR,NA,F,NA,NA,Unassigned,,FALL,1,NA,0.2,,,,62
4804,OtsLGRF25S,OtsLGRF25S_7797,C-07797,16-Oct-25,M,41,AI,NA,NA,RR,NA,U,NA,NA,Unassigned,,FALL,1,NA,0.1,,,,42
4807,OtsLGRF25S,OtsLGRF25S_7803,C-07803,16-Oct-25,F,72,AI,NA,NA,RR,NA,F,NA,NA,Unassigned,,FALL,1,NA,0.3,,,,72
4808,OtsLGRF25S,OtsLGRF25S_7805,C-07805,17-Oct-25,F,90,AI,NA,NA,RR,NA,F,NA,NA,Unassigned,,FALL,1,NA,0.4,,,,92
4832,OtsLGRF25S,OtsLGRF25S_7853,C-07853,19-Oct-25,F,61,AI,NA,NA,RR,NA,F,NA,NA,Unassigned,,FALL,1,NA,0.2,,,,62
4847,OtsLGRF25S,OtsLGRF25S_7883,C-07883,21-Oct-25,M,61,AI,NA,NA,RR,NA,M,NA,NA,Unassigned,,FALL,1,NA,0.2,,,,62
4849,OtsLGRF25S,OtsLGRF25S_7887,C-07887,21-Oct-25,F,83,AI,NA,NA,RR,NA,F,NA,NA,Unassigned,,FALL,1,NA,0.3,,,,87
4863,OtsLGRF25S,OtsLGRF25S_7915,C-07915,23-Oct-25,F,79,AI,NA,NA,RR,NA,F,NA,NA,Unassigned,,FALL,1,NA,0.4,,,,82
4868,OtsLGRF25S,OtsLGRF25S_7925,C-07925,24-Oct-25,F,67,AI,NA,NA,RR,This sample is a duplicate with OtsLGRF25S_7193.,F,NA,NA,Unassigned,,FALL,1,NA,0.2,,,,67
4869,OtsLGRF25S,OtsLGRF25S_7927,C-07927,24-Oct-25,M,56,AI,NA,NA,RR,NA,M,NA,NA,Unassigned,,FALL,1,NA,0.2,,,,57
4872,OtsLGRF25S,OtsLGRF25S_7933,C-07933,25-Oct-25,F,75,AI,NA,3DD.0078F637EB,RR,NA,F,NA,NA,Unassigned,,FALL,1,NA,0.3,,,,77
